id,title,description,availability,condition,price,sale_price,link,image_link,additional_image_link,brand,product_type,item_group_id
505524,Vela Cumpleaños Payaso Sorpresa: ¡Magia y Alegría en Tu Torta!,"¡Dale un toque único a tus celebraciones con esta vela sorpresa de payaso! Imaginate la cara de todos cuando, después de encenderla, una pancarta con un mensaje escondido emerge mágicamente de la vela. ¡Es la chispa perfecta para cumpleaños, festejos y reuniones! Pensada para la seguridad de todos, está hecha con cera no tóxica y plásticos aptos para alimentos. ¡Así, si cae alguna gotita en la torta, no hay problema! Siempre podés disfrutar tu postre sin preocupaciones. El show arranca unos 30 segundos después de prender la mecha. Un poste con la pancarta enrollada aparece, y el mensaje se despliega lentamente, generando ese '¡ahhh!' colectivo. Es un verdadero truco de magia que va a dejar a todos con la boca abierta. Para que todo salga perfecto, recordá insertarla al menos 4cm en el pastel. Hay una capa de plástico transparente que no tenés que sacar. Antes de la gran noche, si querés, podés probarla: si la pancarta se despliega sola, solo tenés que reajustar la gomita de atrás. ¡Preparate para la risa y el asombro con esta vela increíble de El Gadget!",in stock,new,1000.00 ARS,,https://elgadget.com.ar/producto/vela-cumpleanos-payaso-sorpresa-magia-y-alegria-en-tu-torta-505524/,https://res.cloudinary.com/deq2ofluf/image/upload/prod_505524_001,"https://res.cloudinary.com/deq2ofluf/image/upload/prod_505524_002,https://res.cloudinary.com/deq2ofluf/image/upload/prod_505524_003,https://res.cloudinary.com/deq2ofluf/image/upload/prod_505524_004,https://res.cloudinary.com/deq2ofluf/image/upload/prod_505524_005,https://res.cloudinary.com/deq2ofluf/image/upload/prod_505524_006,https://res.cloudinary.com/deq2ofluf/image/upload/prod_505524_007,https://res.cloudinary.com/deq2ofluf/image/upload/prod_505524_008",El Gadget,Home,
550371-SD,Soporte Ducha Regulable Autoadhesivo Tricolor | Sin Agujerear,"Cansado de perforar la pared? Este soporte de ducha autoadhesivo regulable es la solución perfecta para un baño práctico y sin complicaciones. Olvidate de taladrar y herramientas: instalalo en segundos sin dañar azulejos ni paredes, ¡ideal para quienes alquilan! Orientá tu duchador al ángulo perfecto para todos, grandes y chicos, asegurando la máxima comodidad en cada baño. Disfrutá de un agarre firme y seguro. Su diseño robusto y resistente al agua evita caídas, garantizando durabilidad. Dale un toque divertido y original a tu baño con los coloridos diseños de dibujitos. ¡Una sorpresa en cada compra! Transformá tu rutina de baño con este práctico accesorio que combina funcionalidad y estilo. No esperes más para disfrutar de un baño más cómodo y divertido: ¡sumalo hoy a tu carrito!",in stock,new,3000.00 ARS,,https://elgadget.com.ar/producto/soporte-ducha-regulable-autoadhesivo-tricolor-sin-agujerear-550371-sd/,https://res.cloudinary.com/deq2ofluf/image/upload/prod_550371-SD_001,,El Gadget,OFERTAS,
550382,Remolque transportador de motos y eléctricos 5 ruedas resistente,"¿Necesitás mover tu moto o vehículo eléctrico sin esfuerzo? Este remolque transportador es la solución ideal para traslados y rescates de emergencia en Argentina. Olvidate de las complicaciones al transportar vehículos de dos o tres ruedas con este dispositivo robusto y fácil de usar, una verdadera oferta en movilidad. - Versatilidad total: No importa si tenés una moto, un vehículo eléctrico o un triciclo, este remolque de auxilio es tu aliado para cualquier imprevisto o traslado, adaptándose a múltiples rodados. - Maniobrabilidad sin igual: Su diseño con asistencia de cinco ruedas te brinda un control absoluto y un giro flexible, haciendo que mover cargas pesadas sea una tarea simple y segura, incluso en espacios reducidos. - Construcción para durar: Fabricado con una placa de acero gruesa y doble cojinete auxiliar, este carro para moto es sinónimo de resistencia, con ruedas fuertes y duraderas que garantizan años de uso confiable y seguro. Este remolque es perfecto para talleres, servicios de auxilio en ruta o para tener siempre a mano en tu casa. No dejes pasar esta oportunidad para asegurar tus traslados con un equipo de primera calidad. Sumalo a tu carrito hoy y llevate tranquilidad en cada viaje.",in stock,new,16000.00 ARS,,https://elgadget.com.ar/producto/remolque-transportador-de-motos-y-electricos-5-ruedas-resistente-550382/,https://res.cloudinary.com/deq2ofluf/image/upload/prod_550382_001,"https://res.cloudinary.com/deq2ofluf/image/upload/prod_550382_002,https://res.cloudinary.com/deq2ofluf/image/upload/prod_550382_003,https://res.cloudinary.com/deq2ofluf/image/upload/prod_550382_004,https://res.cloudinary.com/deq2ofluf/image/upload/prod_550382_005,https://res.cloudinary.com/deq2ofluf/image/upload/prod_550382_006",El Gadget,OFERTAS,
560470,Micrófono para Celular El Gadget: Audio Nítido y Portátil,"¿Querés llevar la calidad de tu audio al siguiente nivel con tu celular? En El Gadget te traemos este micrófono unidireccional, perfecto para grabar videos, podcasts, entrevistas o cualquier contenido que necesite un sonido claro y profesional. Olvidate del ruido ambiente y capturá cada detalle. Este mic es súper compacto y liviano, ideal para creadores de contenido, periodistas o cualquiera que necesite una solución de audio portátil para su smartphone. Se conecta fácilmente gracias a su enchufe mini plug de 3.5 mm con formato 'L', que es práctico y seguro para tu equipo. Mirá sus especificaciones clave: * Diseño Unidireccional: Captura el sonido justo donde lo apuntás, minimizando distracciones. Incluye doble cápsula para una mejor captura. * Amplio Rango de Frecuencia: De 100 a 15,000 Hz, asegura que tu voz o música suene natural y completa. * Bajo Nivel de Ruido: Solo 34dB SPL, para grabaciones limpias y sin interferencias molestas. * Alta Sensibilidad: Con -38dB ± 3.5dB, capta los sonidos más sutiles con precisión. * Aguanta el Palo: Soporta niveles de sonido de hasta 110dB SPL, ideal para situaciones de alto volumen. * Diseño Compacto: Mide aproximadamente 57 x 57 x 15 mm y pesa apenas 9 gramos. ¡Ni lo vas a sentir! * Conexión Universal: Conector 3.5 mm para que lo uses con la mayoría de los celulares. Disponible en color BlackSilver, este micrófono es tu compañero ideal para crear contenido de calidad en cualquier lugar de Argentina. ¡Potenciá tu voz con El Gadget!",in stock,new,3000.00 ARS,,https://elgadget.com.ar/producto/microfono-para-celular-el-gadget-audio-nitido-y-portatil-560470/,https://res.cloudinary.com/deq2ofluf/image/upload/prod_560470_001,"https://res.cloudinary.com/deq2ofluf/image/upload/prod_560470_002,https://res.cloudinary.com/deq2ofluf/image/upload/prod_560470_003,https://res.cloudinary.com/deq2ofluf/image/upload/prod_560470_004,https://res.cloudinary.com/deq2ofluf/image/upload/prod_560470_005",El Gadget,Electrónica,
600046,Ejercitador de Mandíbula Mewing 20kg: Fitness Facial para una Mandíbula Definida,"El Ejercitador de Mandíbula Mewing de El Gadget es una herramienta de fitness facial: una pieza de silicona de resistencia (20 kg) que se muerde de forma repetida para trabajar el músculo masetero —el músculo de la mandíbula—, igual que cualquier ejercicio de resistencia entrena un músculo. Qué esperar, con honestidad: con uso moderado y constante puede tonificar y fortalecer el masetero. No elimina grasa ni papada (la grasa no se reduce de forma localizada) ni modifica la estructura ósea del rostro. Es un complemento de entrenamiento, no un tratamiento estético milagroso. Usalo con moderación: sesiones cortas, sin forzar. El uso excesivo puede sobrecargar la articulación de la mandíbula (ATM). Si tenés bruxismo, dolor mandibular o tratamiento de ortodoncia, consultá con un profesional antes de usarlo. Fabricado en silicona y poliuretano de alta calidad: cómodo, resistente y durable. Diseño ergonómico de 37 x 43 x 30 mm en color negro, con correa para colgar y llevarlo a donde vayas.",in stock,new,4500.00 ARS,,https://elgadget.com.ar/producto/ejercitador-de-mandibula-mewing-20kg-fitness-facial-para-una-mandibula-600046/,https://res.cloudinary.com/deq2ofluf/image/upload/prod_600046_011,"https://res.cloudinary.com/deq2ofluf/image/upload/prod_600046_010,https://res.cloudinary.com/deq2ofluf/image/upload/prod_600046_001,https://res.cloudinary.com/deq2ofluf/image/upload/prod_600046_002,https://res.cloudinary.com/deq2ofluf/image/upload/prod_600046_003,https://res.cloudinary.com/deq2ofluf/image/upload/prod_600046_004,https://res.cloudinary.com/deq2ofluf/image/upload/prod_600046_005,https://res.cloudinary.com/deq2ofluf/image/upload/prod_600046_006,https://res.cloudinary.com/deq2ofluf/image/upload/prod_600046_007,https://res.cloudinary.com/deq2ofluf/image/upload/prod_600046_008,https://res.cloudinary.com/deq2ofluf/image/upload/prod_600046_009,https://res.cloudinary.com/deq2ofluf/image/upload/prod_600046_012",El Gadget,Fitness,
600111-GRB,Morral Oxford Antirrobo Gris Bronce con Carga USB,"Llevá tus esenciales con total seguridad y estilo por la ciudad o en tus viajes con este morral antirrobo. Protegé tus objetos de valor y mantenete conectado. - Seguridad antirrobo garantizada: Con bloqueo de contraseña de tres dígitos y un bolsillo oculto en la espalda, tus objetos de valor estarán siempre protegidos. - Carga USB siempre a mano: Su puerto USB integrado te permite conectar tu power bank (no incluido) y cargar tus dispositivos cómodamente mientras te movés. - Organización inteligente: Amplio compartimento principal y múltiples bolsillos funcionales para llevar todo ordenado: ropa, libros, celular, llaves y más. - Construcción premium y duradera: Tela Oxford de alta densidad, resistente al agua y al desgarro, con cierres metálicos robustos para un uso diario y prolongado. - Uso versátil para cada plan: Ideal como bolso cruzado urbano, para el trabajo, viajes cortos o aventuras al aire libre como senderismo y ciclismo. Olvidate de preocupaciones y movete con la tranquilidad de tener tus pertenencias seguras y a mano. ¡Sumalo a tu carrito y disfrutá la libertad que te ofrece!",in stock,new,31500.00 ARS,,https://elgadget.com.ar/producto/morral-oxford-antirrobo-gris-bronce-con-carga-usb-600111-grb/,https://res.cloudinary.com/deq2ofluf/image/upload/prod_600111-GRB_001,"https://res.cloudinary.com/deq2ofluf/image/upload/prod_600111-GRB_002,https://res.cloudinary.com/deq2ofluf/image/upload/prod_600111-GRB_003,https://res.cloudinary.com/deq2ofluf/image/upload/prod_600111-GRB_004,https://res.cloudinary.com/deq2ofluf/image/upload/prod_600111-GRB_005,https://res.cloudinary.com/deq2ofluf/image/upload/prod_600111-GRB_006,https://res.cloudinary.com/deq2ofluf/image/upload/prod_600111-GRB_007,https://res.cloudinary.com/deq2ofluf/image/upload/prod_600111-GRB_008",El Gadget,OFERTAS,
600201,Decí Chau a los Ronquidos: Kit x8 Dilatadores Nasales de Silicona Médica,"Los Dilatadores Nasales Antirronquidos de El Gadget se colocan en las fosas nasales para mantenerlas abiertas y mejorar el paso del aire por la nariz mientras dormís. Qué esperar, con honestidad: pueden ayudar a reducir el ronquido en las personas cuyo ronquido es de origen NASAL (nariz congestionada, tabique desviado, válvula nasal estrecha). Su efecto es modesto y no funciona para todos. Importante: NO son un tratamiento para la apnea del sueño ni para el ronquido de origen no nasal. Si roncás muy fuerte, tenés pausas en la respiración o te despertás ahogado o agotado, consultá con un médico: eso puede ser apnea y necesita evaluación profesional, no un dilatador. Kit con 8 dilatadores en distintos talles (S, M, L, XL) para encontrar tu ajuste, más estuche protector e instrucciones en español. Fabricados en silicona médica hipoalergénica: reutilizables, lavables y durables.",in stock,new,9500.00 ARS,,https://elgadget.com.ar/producto/deci-chau-a-los-ronquidos-kit-x8-dilatadores-nasales-de-silicona-medic-600201/,https://res.cloudinary.com/deq2ofluf/image/upload/prod_600201_001,"https://res.cloudinary.com/deq2ofluf/image/upload/prod_600201_002,https://res.cloudinary.com/deq2ofluf/image/upload/prod_600201_003,https://res.cloudinary.com/deq2ofluf/image/upload/prod_600201_004,https://res.cloudinary.com/deq2ofluf/image/upload/prod_600201_005,https://res.cloudinary.com/deq2ofluf/image/upload/prod_600201_006,https://res.cloudinary.com/deq2ofluf/image/upload/prod_600201_007,https://res.cloudinary.com/deq2ofluf/image/upload/prod_600201_008",El Gadget,Estética y Belleza,
600201-1,Kit x4 Dilatadores Nasales Antirronquidos Red: ¡Dormí y Respirá Mejor!,"Los Dilatadores Nasales Antirronquidos de El Gadget se colocan en las fosas nasales para mantenerlas abiertas y mejorar el paso del aire por la nariz mientras dormís. Qué esperar, con honestidad: pueden ayudar a reducir el ronquido en las personas cuyo ronquido es de origen NASAL (nariz congestionada, tabique desviado, válvula nasal estrecha). Su efecto es modesto y no funciona para todos. Importante: NO son un tratamiento para la apnea del sueño ni para el ronquido de origen no nasal. Si roncás muy fuerte, tenés pausas en la respiración o te despertás ahogado o agotado, consultá con un médico: eso puede ser apnea y necesita evaluación profesional, no un dilatador. Kit con 4 dilatadores en distintos talles (S, M, L, XL) para encontrar tu ajuste, más estuche protector e instrucciones en español. Fabricados en silicona médica hipoalergénica: reutilizables, lavables y durables.",in stock,new,8000.00 ARS,,https://elgadget.com.ar/producto/kit-x4-dilatadores-nasales-antirronquidos-red-dormi-y-respira-mejor-600201-1/,https://res.cloudinary.com/deq2ofluf/image/upload/prod_600201-1_008,"https://res.cloudinary.com/deq2ofluf/image/upload/prod_600201-1_001,https://res.cloudinary.com/deq2ofluf/image/upload/prod_600201-1_002,https://res.cloudinary.com/deq2ofluf/image/upload/prod_600201-1_003,https://res.cloudinary.com/deq2ofluf/image/upload/prod_600201-1_004,https://res.cloudinary.com/deq2ofluf/image/upload/prod_600201-1_005,https://res.cloudinary.com/deq2ofluf/image/upload/prod_600201-1_006,https://res.cloudinary.com/deq2ofluf/image/upload/prod_600201-1_007",El Gadget,Estética y Belleza,
600201-2,Kit x4 Dilatadores Nasales Antirronquidos Silicona - ¡Dormí Mejor!,"Los Dilatadores Nasales Antirronquidos de El Gadget se colocan en las fosas nasales para mantenerlas abiertas y mejorar el paso del aire por la nariz mientras dormís. Qué esperar, con honestidad: pueden ayudar a reducir el ronquido en las personas cuyo ronquido es de origen NASAL (nariz congestionada, tabique desviado, válvula nasal estrecha). Su efecto es modesto y no funciona para todos. Importante: NO son un tratamiento para la apnea del sueño ni para el ronquido de origen no nasal. Si roncás muy fuerte, tenés pausas en la respiración o te despertás ahogado o agotado, consultá con un médico: eso puede ser apnea y necesita evaluación profesional, no un dilatador. Kit con 4 dilatadores en distintos talles (S, M, L, XL) para encontrar tu ajuste, más estuche protector e instrucciones en español. Fabricados en silicona médica hipoalergénica: reutilizables, lavables y durables.",in stock,new,8000.00 ARS,,https://elgadget.com.ar/producto/kit-x4-dilatadores-nasales-antirronquidos-silicona-dormi-mejor-600201-2/,https://res.cloudinary.com/deq2ofluf/image/upload/prod_600201-2_008,"https://res.cloudinary.com/deq2ofluf/image/upload/prod_600201-2_001,https://res.cloudinary.com/deq2ofluf/image/upload/prod_600201-2_002,https://res.cloudinary.com/deq2ofluf/image/upload/prod_600201-2_003,https://res.cloudinary.com/deq2ofluf/image/upload/prod_600201-2_004,https://res.cloudinary.com/deq2ofluf/image/upload/prod_600201-2_005,https://res.cloudinary.com/deq2ofluf/image/upload/prod_600201-2_006,https://res.cloudinary.com/deq2ofluf/image/upload/prod_600201-2_007",El Gadget,Estética y Belleza,
A-62170,Unicornio Inflable Glitter Gigante 1.74m para tu verano mágico,"¡Dale un toque de magia y brillo a tu verano con el Inflable Unicornio Glitter Gigante de El Gadget! Este espectacular inflable es el compañero ideal para tus días de pileta, lago o playa en Argentina. Imaginate relajándote sobre este unicornio increíble que no solo es gigante, sino que está lleno de glitter, capturando la luz del sol y creando un efecto deslumbrante. Con sus generosas dimensiones de aproximadamente 1.74 metros de largo por 0.84 metros de ancho, tenés espacio de sobra para disfrutar de un merecido descanso. Es perfecto para grandes y chicos (¡siempre con supervisión!), garantizando horas de diversión y relax. Ya sea que estés planeando unas vacaciones épicas o simplemente quieras disfrutar del jardín de casa, este unicornio inflable es el accesorio de verano que no puede faltarte. Transformá cualquier momento en algo especial y sacá las fotos más instagrameables del verano. Su diseño llamativo lo convierte en el centro de atención. ¡Preparate para chapuzones de pura fantasía y estilo con El Gadget!",in stock,new,86500.00 ARS,,https://elgadget.com.ar/producto/unicornio-inflable-glitter-gigante-1-74m-para-tu-verano-magico-a-62170/,https://res.cloudinary.com/deq2ofluf/image/upload/prod_A-62170_001,"https://res.cloudinary.com/deq2ofluf/image/upload/prod_A-62170_002,https://res.cloudinary.com/deq2ofluf/image/upload/prod_A-62170_003",El Gadget,Verano,
A-62172,Inflable Flamenco Glitter Gigante Dorado El Gadget - Verano y Pileta,"¡Llega el verano y en El Gadget te traemos el inflable más canchero para que tus días de pileta sean inolvidables! Preparate para ser la sensación con nuestro Inflable Flamenco Gigante con Glitter Dorado. Es ideal para relajarte flotando o para darle un toque súper chic a tus fotos y videos. Este flamenco espectacular está diseñado para que disfrutes al máximo. Su tamaño es de aproximadamente 138 cm de largo por 123 cm de ancho, lo que te permite estirarte y tomar sol cómodamente. El detalle del glitter dorado en su interior le da un brillo único bajo el sol, ¡vas a deslumbrar! Es perfecto para llevarlo a la pileta del barrio, a la casa de un amigo o incluso a la playa si tenés espacio en el auto. Sumate a la onda del verano argentino con este flotador de moda. ¡Diversión asegurada para grandes y chicos con El Gadget!",in stock,new,94000.00 ARS,,https://elgadget.com.ar/producto/inflable-flamenco-glitter-gigante-dorado-el-gadget-verano-y-pileta-a-62172/,https://res.cloudinary.com/deq2ofluf/image/upload/prod_A-62172_001,"https://res.cloudinary.com/deq2ofluf/image/upload/prod_A-62172_002,https://res.cloudinary.com/deq2ofluf/image/upload/prod_A-62172_003,https://res.cloudinary.com/deq2ofluf/image/upload/prod_A-62172_004",El Gadget,Verano,
A-L1669-012,Flotador Inflable Cisne Bebés 80cm: ¡Diversión Segura en el Agua!,"¡Preparate para un verano inolvidable con el Inflable de Cisne para bebés de El Gadget! Este adorable flotador está diseñado especialmente para los más chiquitos, garantizando horas de diversión y seguridad en la pileta o en la playa. Su simpático diseño de cisne blanco captura la imaginación, convirtiendo cada chapuzón en una aventura acuática. Pensando en la tranquilidad de los papis, incorpora cómodos orificios para las piernas del bebé, lo que permite que se sienta seguro y contenido mientras juega en el agua. Es perfecto para esos primeros contactos con la pileta, ofreciendo estabilidad y soporte. Con unas medidas aproximadas de 80cm de diámetro y 43cm de alto, es el tamaño ideal para que tu bebé disfrute con total confort. Fabricado con materiales resistentes, este inflable es un compañero duradero para todas las temporadas de calor. ¡No te quedes sin el tuyo y llená el verano de risas con este flotador cisne! Ideal para regalar y disfrutar.",in stock,new,32500.00 ARS,,https://elgadget.com.ar/producto/flotador-inflable-cisne-bebes-80cm-diversion-segura-en-el-agua-a-l1669-012/,https://res.cloudinary.com/deq2ofluf/image/upload/prod_A-L1669-012_001,"https://res.cloudinary.com/deq2ofluf/image/upload/prod_A-L1669-012_002,https://res.cloudinary.com/deq2ofluf/image/upload/prod_A-L1669-012_003,https://res.cloudinary.com/deq2ofluf/image/upload/prod_A-L1669-012_004,https://res.cloudinary.com/deq2ofluf/image/upload/prod_A-L1669-012_005",El Gadget,Artículos Infantiles,
A-L1896-006,¡A flotar! Inflable Gigante Tucán 200cm para Pileta en Argentina,"¡Preparate para vivir un verano increíble con este Inflable Gigante Tucán de El Gadget! Si buscás el compañero perfecto para tus días de pileta, ¡acá lo tenés! Este flotador te invita a disfrutar al máximo. Este inflable con forma de tucán es el rey de la diversión y el relax. Con sus generosas medidas aproximadas de 200cm x 105cm, vas a poder flotar cómodamente, tomar sol y disfrutar de cada momento en el agua. Es ideal para chicos y grandes que quieren un toque tropical en sus vacaciones o un día de descanso en casa. Imaginá esas tardes de calor argentino, flotando sin preocupaciones. Este tucán no solo es súper canchero y llamativo, sino que también te ofrece un espacio amplio para relajarte. ¡Es el accesorio indispensable para esta temporada de verano en Argentina! No te quedes sin tu flotador gigante. ¡Compralo ahora en El Gadget y que empiece la diversión!",in stock,new,74000.00 ARS,,https://elgadget.com.ar/producto/a-flotar-inflable-gigante-tucan-200cm-para-pileta-en-argentina-a-l1896-006/,https://res.cloudinary.com/deq2ofluf/image/upload/prod_A-L1896-006_001,"https://res.cloudinary.com/deq2ofluf/image/upload/prod_A-L1896-006_002,https://res.cloudinary.com/deq2ofluf/image/upload/prod_A-L1896-006_003,https://res.cloudinary.com/deq2ofluf/image/upload/prod_A-L1896-006_004,https://res.cloudinary.com/deq2ofluf/image/upload/prod_A-L1896-006_005",El Gadget,Verano,
A-L1973-003,Inflable Flamenco para Pileta 1.52m - ¡Verano Divertido con El Gadget!,"¡Preparate para un verano lleno de estilo y diversión con el inflable de flamenco más trendy! Ideal para relajarte flotando bajo el sol, darle un toque original a tus fotos o simplemente disfrutar de un chapuzón refrescante en la pileta. Este hermoso flamenco rosa se convertirá en el protagonista de tus días de calor. Con sus medidas aproximadas de 152cm x 89cm, tenés espacio de sobra para un descanso placentero. Es el flotador perfecto para grandes y chicos (siempre con supervisión), pensado para que tus jornadas en la pileta sean inolvidables. Llévalo a la pileta del club, a la casa de campo o disfrutalo en tu propio jardín. ¡Hacete de este inflable súper cool de El Gadget y que empiece la temporada!",in stock,new,66000.00 ARS,,https://elgadget.com.ar/producto/inflable-flamenco-para-pileta-1-52m-verano-divertido-con-el-gadget-a-l1973-003/,https://res.cloudinary.com/deq2ofluf/image/upload/prod_A-L1973-003_001,"https://res.cloudinary.com/deq2ofluf/image/upload/prod_A-L1973-003_002,https://res.cloudinary.com/deq2ofluf/image/upload/prod_A-L1973-003_003,https://res.cloudinary.com/deq2ofluf/image/upload/prod_A-L1973-003_004,https://res.cloudinary.com/deq2ofluf/image/upload/prod_A-L1973-003_005",El Gadget,Verano,
A-L1973-004,Flotador Inflable Cisne Gigante para Pileta Verano - El Gadget,"¡Preparate para un verano inolvidable con nuestro increíble Flotador Inflable Cisne Gigante de El Gadget! Es el compañero perfecto para disfrutar al máximo de la pileta, ya sea en casa, en el club o en tus vacaciones por Argentina. Este inflable no es solo un objeto, es la promesa de diversión y relax bajo el sol. Imaginate flotando con estilo, capturando las mejores fotos y creando recuerdos con amigos y familia. ¡Todos van a querer uno igual! Sus dimensiones son ideales para que te relajes cómodamente: aproximadamente 152 cm de largo por 89 cm de ancho. Es lo suficientemente grande para que puedas disfrutar de un buen chapuzón o simplemente tomar sol mientras te refrescás. Ideal para: * Días de pileta con amigos * Vacaciones en la costa o en las sierras * Relajarte al máximo en el agua * ¡Ser la envidia de todos en el barrio! No te quedes sin tu Flotador Inflable Cisne Gigante. ¡Conseguilo ahora en El Gadget y que empiece la mejor temporada de pileta de tu vida!",in stock,new,66000.00 ARS,,https://elgadget.com.ar/producto/flotador-inflable-cisne-gigante-para-pileta-verano-el-gadget-a-l1973-004/,https://res.cloudinary.com/deq2ofluf/image/upload/prod_A-L1973-004_001,"https://res.cloudinary.com/deq2ofluf/image/upload/prod_A-L1973-004_002,https://res.cloudinary.com/deq2ofluf/image/upload/prod_A-L1973-004_003,https://res.cloudinary.com/deq2ofluf/image/upload/prod_A-L1973-004_004",El Gadget,Verano,
A-L1978-001,Inflable de Pileta Ostra Shell 105x160cm - ¡Ideal para tu Verano!,"¡Preparate para un verano increíble con el Inflable de Pileta Ostra Shell de El Gadget! Si buscás relax o diversión en el agua, este inflable gigante con forma de ostra es ideal para tus días de sol en Argentina.Imagináte flotando cómodamente, compartiendo risas con amigos y familia en la piscina. Sus amplias dimensiones de 105cm x 160cm te dan el espacio perfecto para estirarte y desconectar. Es el accesorio que no puede faltar en tu pileta, sea en casa o en tus escapadas veraniegas.Este inflable es práctico, espacioso y le suma un toque de estilo a tus jornadas acuáticas. Ideal para fotos cancheras, fiestas en la pileta o simplemente para un merecido relax. ¡Olvidate del aburrimiento y disfrutá a pleno!¡No te quedes sin tu Inflable Ostra Shell! La diversión de este verano te espera en El Gadget.",in stock,new,49500.00 ARS,,https://elgadget.com.ar/producto/inflable-de-pileta-ostra-shell-105x160cm-ideal-para-tu-verano-a-l1978-001/,https://res.cloudinary.com/deq2ofluf/image/upload/prod_A-L1978-001_001,"https://res.cloudinary.com/deq2ofluf/image/upload/prod_A-L1978-001_002,https://res.cloudinary.com/deq2ofluf/image/upload/prod_A-L1978-001_003,https://res.cloudinary.com/deq2ofluf/image/upload/prod_A-L1978-001_004",El Gadget,Verano,
A-L2235-001,Inflable Unicornio Transparente Grande para Pileta 1.2m - El Gadget,"¡Preparate para que este verano sea inolvidable con nuestro inflable unicornio transparente de El Gadget! Es el compañero ideal para disfrutar al máximo de la pileta, la playa o el lago. Imaginate flotando con estilo y comodidad sobre este gigante transparente que te va a hacer sentir en un cuento de hadas. Con sus dimensiones aproximadas de 1.2 metros de largo por 0.6 metros de ancho, tenés espacio de sobra para relajarte, tomar sol o simplemente pasar un rato divertido con amigos y familia. Este flotador de unicornio es súper resistente y está diseñado para horas de diversión en el agua. Perfecto para los días calurosos de Argentina, es fácil de inflar y desinflar, y su diseño transparente le da un toque moderno y chic que va a ser la envidia de todos. ¡No te quedes sin el tuyo y sumá magia a tu verano con El Gadget!",in stock,new,74000.00 ARS,,https://elgadget.com.ar/producto/inflable-unicornio-transparente-grande-para-pileta-1-2m-el-gadget-a-l2235-001/,https://res.cloudinary.com/deq2ofluf/image/upload/prod_A-L2235-001_001,"https://res.cloudinary.com/deq2ofluf/image/upload/prod_A-L2235-001_002,https://res.cloudinary.com/deq2ofluf/image/upload/prod_A-L2235-001_003,https://res.cloudinary.com/deq2ofluf/image/upload/prod_A-L2235-001_004",El Gadget,Verano,
A-L2235-002,Inflable Cereza Gigante para Pileta - ¡Tu Verano Más Cool!,"¡Preparate para un verano inolvidable con nuestro Inflable Cereza Gigante! Este flotador espectacular es el compañero ideal para que disfrutes al máximo tus días de pileta o playa en Argentina. Con sus generosas medidas aproximadas de 1,5 metros de largo por 0,8 metros de ancho, vas a tener espacio de sobra para relajarte cómodamente bajo el sol. Olvidate del calor y dale un toque único y súper divertido a tus vacaciones. El diseño de cereza es no solo original y llamativo, sino también perfecto para sacar fotos increíbles y compartirlas con amigos y familia en tus redes. Es un accesorio que te asegura risas y buenos momentos. Ideal para cualquier edad, este inflable es fácil de usar y transportar. Disfrutá de la comodidad de un flotador resistente mientras le ponés toda la onda a tu verano. Ya sea en tu casa, en un club o de viaje, el Inflable Cereza Gigante de El Gadget es la elección perfecta para agregar diversión y estilo a tus chapuzones.",in stock,new,41500.00 ARS,,https://elgadget.com.ar/producto/inflable-cereza-gigante-para-pileta-tu-verano-mas-cool-a-l2235-002/,https://res.cloudinary.com/deq2ofluf/image/upload/prod_A-L2235-002_001,"https://res.cloudinary.com/deq2ofluf/image/upload/prod_A-L2235-002_002,https://res.cloudinary.com/deq2ofluf/image/upload/prod_A-L2235-002_003",El Gadget,Verano,
A-PAS04A,Traje de Baño Bikini Mujer Mangas Vedetina Lunares - El Gadget,"¡Llegó el verano y con él este espectacular bikini de El Gadget! Preparate para disfrutar de la pileta o la playa con un estilo único y cómodo. Esta malla de mujer combina a la perfección la frescura de un diseño moderno con la onda clásica de los lunares. Ideal para quienes buscan un traje de baño que brinde un poco más de cobertura sin resignar estilo. Sus mangas aportan un toque chic y original, perfecto para esos días soleados donde querés sentirte canchera y protegida. La parte de abajo es una vedetina súper cómoda que se adapta a tu cuerpo, asegurando que te muevas con total libertad. Encontralo disponible en talles S, M y L para que elijas el que mejor te calce. No te quedes sin tu bikini favorito de El Gadget para esta temporada. ¡Sentite radiante y a la moda en cada chapuzón!",in stock,new,43500.00 ARS,,https://elgadget.com.ar/producto/traje-de-bano-bikini-mujer-mangas-vedetina-lunares-el-gadget-a-pas04a/,https://res.cloudinary.com/deq2ofluf/image/upload/prod_A-PAS04A_001,"https://res.cloudinary.com/deq2ofluf/image/upload/prod_A-PAS04A_002,https://res.cloudinary.com/deq2ofluf/image/upload/prod_A-PAS04A_003,https://res.cloudinary.com/deq2ofluf/image/upload/prod_A-PAS04A_004",El Gadget,Verano,
A-PAS04B,Bikini Malla Tulum con Mangas Vedetina para Mujer - El Gadget,"¡Preparate para lucir espectacular este verano con nuestro Bikini Malla Tulum de El Gadget! Este traje de baño combina estilo y comodidad para que disfrutes de la playa o la pileta con total confianza. Nuestro diseño exclusivo de bikini para mujer cuenta con mangas, dándole un toque moderno y original a tu look veraniego. La parte inferior tipo vedetina te ofrece una cobertura ideal y realza tu figura de forma natural. Confeccionado con materiales de calidad, este bikini te asegura durabilidad y confort durante toda la temporada. Es perfecto para esos días de sol en la costa argentina o para relajarte junto a la piscina. Disponible en talles S, M y L, para que encuentres el ajuste perfecto. ¡No te quedes sin el tuyo y marcá tendencia este verano con El Gadget!",in stock,new,43500.00 ARS,,https://elgadget.com.ar/producto/bikini-malla-tulum-con-mangas-vedetina-para-mujer-el-gadget-a-pas04b/,https://res.cloudinary.com/deq2ofluf/image/upload/prod_A-PAS04B_001,"https://res.cloudinary.com/deq2ofluf/image/upload/prod_A-PAS04B_002,https://res.cloudinary.com/deq2ofluf/image/upload/prod_A-PAS04B_003",El Gadget,Verano,
A-PAS08A,Malla Enteriza Nudo Malibu: Traje de Baño Chic para Disfrutar el Verano,"¡Preparate para lucirte este verano con la Malla Enteriza Nudo Malibu de El Gadget! Este increíble traje de baño enterizo es la opción perfecta para disfrutar de la pileta, la playa o tus escapadas de fin de semana bajo el sol argentino. El diseño distintivo con nudo le da un toque sofisticado y moderno, transformando esta bikini enteriza en una prenda única que realza tu figura. Su estilo Malibu te invita a vivir los días de calor con total confianza y un look impecable. Ideal para sentirte cómoda y con onda en cada momento. Ya sea para un chapuzón o para relajarte al borde del mar, esta malla enteriza es sinónimo de moda y confort. Dale la bienvenida al calor con esta prenda versátil que no puede faltar en tu guardarropas de verano. ¡Encontrala ahora en El Gadget y marcá tendencia!",in stock,new,43500.00 ARS,,https://elgadget.com.ar/producto/malla-enteriza-nudo-malibu-traje-de-bano-chic-para-disfrutar-el-verano-a-pas08a/,https://res.cloudinary.com/deq2ofluf/image/upload/prod_A-PAS08A_001,"https://res.cloudinary.com/deq2ofluf/image/upload/prod_A-PAS08A_002,https://res.cloudinary.com/deq2ofluf/image/upload/prod_A-PAS08A_003",El Gadget,Verano,
A-PAS08B,Malla Enteriza Nudo Flowers: Comodidad y Estilo para tu Verano Argentino,"¡Preparate para deslumbrar este verano argentino con nuestra Malla Enteriza Nudo Flowers de El Gadget! Esta bikini enteriza es la compañera ideal para tus días de sol, ya sea en la playa o disfrutando de la pileta. Su diseño moderno y femenino te asegura un look impactante y lleno de estilo para cualquier ocasión de relax. El detalle distintivo de 'Nudo Flowers' le da un toque único y sofisticado. Imaginate luciendo esta hermosa pieza, con un diseño floral sutilmente integrado y ese nudo que realza la figura de forma elegante. Es la combinación perfecta entre un clásico traje de baño enterizo y un estilo fresco y contemporáneo que está súper de moda en Argentina. Pensada para la mujer que busca sentirse cómoda sin resignar estilo, esta malla enteriza ofrece un calce perfecto y un soporte ideal. Es versátil y fácil de combinar, ideal para tus vacaciones o simplemente para pasar un día divino al sol. No te quedes sin tu Traje de Baño Enteriza Nudo Flowers y marcá tendencia esta temporada. ¡Vení a El Gadget y llevate la tuya para un verano inolvidable!",in stock,new,43500.00 ARS,,https://elgadget.com.ar/producto/malla-enteriza-nudo-flowers-comodidad-y-estilo-para-tu-verano-argentin-a-pas08b/,https://res.cloudinary.com/deq2ofluf/image/upload/prod_A-PAS08B_001,"https://res.cloudinary.com/deq2ofluf/image/upload/prod_A-PAS08B_002,https://res.cloudinary.com/deq2ofluf/image/upload/prod_A-PAS08B_003",El Gadget,Verano,
A-PAS12B,Bikini Mujer Hojas Traje de Baño Regulable Vedetina Verano,"Preparate para disfrutar el verano con estilo y máxima comodidad. Este bikini de mujer con diseño de hojas te asegura un look fresco y moderno, mientras que su corpiño regulable se adapta a vos para que te sientas segura y radiante en cada momento. - Estampado de hojas vibrante para un look natural y a la moda, ideal para la playa o la pileta. - Corpiño regulable que te permite un ajuste personalizado, brindando soporte y comodidad justo donde lo necesitás. - Vedetina de calce clásico que ofrece confort y confianza, permitiéndote moverte libremente. No te quedes sin tu malla para la temporada. Este bikini es ideal para tus días de sol, garantizando que te veas y te sientas espectacular. Sumalo a tu carrito y preparate para brillar este verano con un traje de baño que se adapta a vos.",in stock,new,43500.00 ARS,,https://elgadget.com.ar/producto/bikini-mujer-hojas-traje-de-bano-regulable-vedetina-verano-a-pas12b/,https://res.cloudinary.com/deq2ofluf/image/upload/prod_A-PAS12B_001,"https://res.cloudinary.com/deq2ofluf/image/upload/prod_A-PAS12B_002,https://res.cloudinary.com/deq2ofluf/image/upload/prod_A-PAS12B_003,https://res.cloudinary.com/deq2ofluf/image/upload/prod_A-PAS12B_004",El Gadget,Verano,
A-PAS15A,Bikini Vedetina Lemon con Tiras para Atar | Ajuste Perfecto,"Preparate para vivir un verano inolvidable con nuestra malla bikini vedetina con tiras para atar, diseñada para ofrecerte total comodidad y un calce perfecto en cada momento. Es la elección ideal para disfrutar de la pileta o la playa con estilo y confianza. - Disfrutá de un calce a medida y sentite cómoda gracias a sus tiras regulables, que se adaptan perfectamente a tu figura y te permiten ajustar el soporte a tu gusto. - Encontrá el talle ideal para vos, disponible en S, M y L, para que elijas la opción que mejor se adapte a tu cuerpo y te sientas segura. - El diseño vedetina clásico con el toque Lemon realza tu silueta de forma elegante, haciéndote lucir radiante y a la moda en cualquier destino veraniego. - Pensada para la mujer argentina que busca un traje de baño versátil, combinando las últimas tendencias con la funcionalidad necesaria para tus escapadas. No esperes más para renovar tu look de verano. Esta malla bikini de mujer es el complemento perfecto para tus próximas vacaciones o un fin de semana bajo el sol. Sumala a tu carrito hoy mismo y preparate para brillar con estilo.",in stock,new,43500.00 ARS,,https://elgadget.com.ar/producto/bikini-vedetina-lemon-con-tiras-para-atar-ajuste-perfecto-a-pas15a/,https://res.cloudinary.com/deq2ofluf/image/upload/prod_A-PAS15A_001,"https://res.cloudinary.com/deq2ofluf/image/upload/prod_A-PAS15A_002,https://res.cloudinary.com/deq2ofluf/image/upload/prod_A-PAS15A_003,https://res.cloudinary.com/deq2ofluf/image/upload/prod_A-PAS15A_004",El Gadget,Verano,
A-PAS15B,Bikini Cherry Vedetina con Tiras Para Atar - Malla de Verano Trendy,"Llevate este bikini Cherry Vedetina, la malla perfecta para lucir radiante y cómoda este verano en la playa o pileta. Su diseño con tiras te permite ajustarla a tu medida, realzando tu figura con estilo y frescura. - Diseño exclusivo Cherry: un estampado fresco y divertido que te hará destacar en cualquier balneario argentino. - Vedetina cómoda y moderna: ofrece la cobertura justa para sentirte segura y a la moda, sin perder el toque audaz. - Tiras regulables para un ajuste perfecto: adaptá la parte inferior a tu cuerpo para la máxima comodidad y un calce ideal. - Disponible en talles S, M y L: encontrá la medida justa para vos y disfrutá de cada momento del verano sin preocupaciones. Preparate para disfrutar de la temporada con un traje de baño que combina moda y confort. Esta bikini es ideal para tus escapadas veraniegas, ofreciendo un calce que te encantará. ¡Sumala hoy a tu carrito y lucí espectacular!",in stock,new,43500.00 ARS,,https://elgadget.com.ar/producto/bikini-cherry-vedetina-con-tiras-para-atar-malla-de-verano-trendy-a-pas15b/,https://res.cloudinary.com/deq2ofluf/image/upload/prod_A-PAS15B_001,"https://res.cloudinary.com/deq2ofluf/image/upload/prod_A-PAS15B_002,https://res.cloudinary.com/deq2ofluf/image/upload/prod_A-PAS15B_003,https://res.cloudinary.com/deq2ofluf/image/upload/prod_A-PAS15B_004",El Gadget,Verano,
A-PAS17B,Malla Enteriza Negra - Comodidad y estilo para tu verano,"Descubrí la elegancia atemporal y la comodidad inigualable de nuestra malla enteriza negra, tu aliada perfecta para disfrutar cada momento del verano con total confianza y estilo. Es la prenda ideal para destacar en la playa o la pileta, sin resignar confort.",in stock,new,43500.00 ARS,,https://elgadget.com.ar/producto/malla-enteriza-negra-comodidad-y-estilo-para-tu-verano-a-pas17b/,https://res.cloudinary.com/deq2ofluf/image/upload/prod_A-PAS17B_001,"https://res.cloudinary.com/deq2ofluf/image/upload/prod_A-PAS17B_002,https://res.cloudinary.com/deq2ofluf/image/upload/prod_A-PAS17B_003,https://res.cloudinary.com/deq2ofluf/image/upload/prod_A-PAS17B_004",El Gadget,Verano,
A-PAS18A,Bikini Traje de Baño Vedetina Rosa con Nudos. Malla Mujer Verano,"Preparate para deslumbrar este verano con el bikini vedetina rosa con nudos, la malla ideal para disfrutar del sol con estilo y comodidad. - Dale un toque de frescura y femineidad a tus días de pileta o playa con el vibrante color rosa, perfecto para realzar tu bronceado. - Sentite cómoda y a la moda con su corte vedetina, que ofrece el equilibrio justo entre cobertura y estilo para lucir tu figura. - Sumale un detalle chic y original a tu look veraniego gracias a los delicados nudos, que aportan un toque distintivo y trendy. - Disfrutá al máximo del verano, la pileta y la playa con este traje de baño de dos piezas, diseñado para tu libertad de movimiento. Esta malla bikini es el complemento perfecto para tus escapadas de verano o para relajarte en la pileta. No te quedes sin tu traje de baño vedetina rosa con nudos y preparate para vivir momentos inolvidables. Hacelo tuyo hoy y lucí un estilo único.",in stock,new,43500.00 ARS,,https://elgadget.com.ar/producto/bikini-traje-de-bano-vedetina-rosa-con-nudos-malla-mujer-verano-a-pas18a/,https://res.cloudinary.com/deq2ofluf/image/upload/prod_A-PAS18A_001,"https://res.cloudinary.com/deq2ofluf/image/upload/prod_A-PAS18A_002,https://res.cloudinary.com/deq2ofluf/image/upload/prod_A-PAS18A_003",El Gadget,Verano,
A-PAS18B,Bikini Traje de Baño con Nudos Vedetina Negro - Estilo para Verano,"Preparate para lucir espléndida este verano con nuestro Bikini Traje de Baño con Nudos Vedetina Negro. Un diseño clásico y versátil que te garantiza comodidad y estilo en cada momento. - El detalle de nudos laterales no solo añade un toque chic y moderno a esta malla, sino que te permite personalizar el ajuste para una silueta perfecta. - Con su corte vedetina, este traje de baño para mujer ofrece la cobertura justa que buscás, sin resignar sensualidad ni libertad de movimiento. - El clásico color negro lo convierte en un fondo de armario infalible, ideal para combinar con cualquier accesorio de playa o pareo que tengas. - Pensado para que disfrutes de la pileta, la playa o tus vacaciones con total confianza y un look que siempre está de moda. Este bikini es la elección perfecta para renovar tu look de verano con una prenda atemporal y a la moda. No esperes más para tener tu malla ideal. ¡Sumala ahora a tu carrito y preparate para brillar bajo el sol!",in stock,new,43500.00 ARS,,https://elgadget.com.ar/producto/bikini-traje-de-bano-con-nudos-vedetina-negro-estilo-para-verano-a-pas18b/,https://res.cloudinary.com/deq2ofluf/image/upload/prod_A-PAS18B_001,"https://res.cloudinary.com/deq2ofluf/image/upload/prod_A-PAS18B_002,https://res.cloudinary.com/deq2ofluf/image/upload/prod_A-PAS18B_003,https://res.cloudinary.com/deq2ofluf/image/upload/prod_A-PAS18B_004",El Gadget,Verano,
A-PAS18C,Malla Bikini Amarillo Vedetina Con Nudos Para Mujer - Estilo y Confort,"Preparate para brillar este verano con nuestro bikini vedetina amarillo. Un diseño moderno de traje de baño que resalta tu figura y te llena de energía para disfrutar de cada momento. - Amarillo vibrante: Dale un toque de sol a tus días y destacate con un color lleno de energía en la playa o pileta. - Diseño vedetina: Un clásico que estiliza tu figura y te brinda comodidad para disfrutar sin preocupaciones. - Detalle con nudos: Aporta un toque chic y distintivo que realza el diseño, mostrando tu personalidad. Esta malla es la elección perfecta para renovar tu look de verano y vivir momentos inolvidables con confianza. No te quedes sin tu bikini favorito, ¡sumalo a tu carrito ahora!",in stock,new,43500.00 ARS,,https://elgadget.com.ar/producto/malla-bikini-amarillo-vedetina-con-nudos-para-mujer-estilo-y-confort-a-pas18c/,https://res.cloudinary.com/deq2ofluf/image/upload/prod_A-PAS18C_001,"https://res.cloudinary.com/deq2ofluf/image/upload/prod_A-PAS18C_002,https://res.cloudinary.com/deq2ofluf/image/upload/prod_A-PAS18C_003",El Gadget,Verano,
A-PAS20A,Bikini Enteriza de Lunares Amarillo y Blanco: ¡Tu Verano con Estilo!,"¡Preparate para deslumbrar este verano con nuestra enteriza de lunares de El Gadget! Si buscás un traje de baño que combine estilo, comodidad y un toque retro súper chic, esta es tu opción ideal para la temporada. Te vas a sentir cómoda y a la moda en cada chapuzón. Esta bikini enteriza es la vedette de la temporada en Argentina. Su diseño combinada con lunares, en los vibrantes tonos amarillo y blanco, la convierte en la elección perfecta para quienes quieren destacar en la pileta o la playa. Es un clásico renovado que nunca pasa de moda, y que te asegura un look fresco y alegre bajo el sol. Pensada para el disfrute de tus días libres, esta enteriza te ofrece un calce confortable y seguro, permitiéndote moverte con total libertad. ¡Sentite cómoda y radiante con este traje de baño que El Gadget trae para vos! Viví un verano inolvidable con estilo.",in stock,new,43500.00 ARS,,https://elgadget.com.ar/producto/bikini-enteriza-de-lunares-amarillo-y-blanco-tu-verano-con-estilo-a-pas20a/,https://res.cloudinary.com/deq2ofluf/image/upload/prod_A-PAS20A_001,"https://res.cloudinary.com/deq2ofluf/image/upload/prod_A-PAS20A_002,https://res.cloudinary.com/deq2ofluf/image/upload/prod_A-PAS20A_003",El Gadget,Verano,
A-PAS20B,Malla Enteriza Combinada Diseño Margaritas Rojo y Azul Verano,"Preparate para deslumbrar este verano con nuestra malla enteriza combinada, el toque ideal para tus días de sol. Su diseño exclusivo te asegura un estilo único en la playa o la pileta. - Disfrutá de la comodidad y el ajuste perfecto de un traje de baño enterizo, ideal para moverte con libertad y confianza. - Sumergite en el espíritu veraniego con el diseño vibrante de margaritas, que aporta un toque fresco y alegre a tu look. - Destacate con la combinación de colores rojo y azul, una paleta moderna que realza tu figura y te hace brillar. Esta bikini enteriza es el must-have para tus vacaciones, combinando moda y confort para cada chapuzón. No esperes más para renovar tu colección de trajes de baño y vivir un verano inolvidable. ¡Sumala a tu carrito y preparate para disfrutar!",in stock,new,43500.00 ARS,,https://elgadget.com.ar/producto/malla-enteriza-combinada-diseno-margaritas-rojo-y-azul-verano-a-pas20b/,https://res.cloudinary.com/deq2ofluf/image/upload/prod_A-PAS20B_001,"https://res.cloudinary.com/deq2ofluf/image/upload/prod_A-PAS20B_002,https://res.cloudinary.com/deq2ofluf/image/upload/prod_A-PAS20B_003,https://res.cloudinary.com/deq2ofluf/image/upload/prod_A-PAS20B_004",El Gadget,Verano,
A-PAS21B,Traje de Baño Enteriza Cancún Blanca - Malla Verano El Gadget,"¡Preparate para deslumbrar este verano con el traje de baño enteriza Cancún en un impecable color blanco! En El Gadget, sabemos que buscás sentirte cómoda y canchera en cada momento de relax. Esta malla enteriza es el aliado perfecto para tus días de playa, escapadas a la pileta o esas vacaciones soñadas. Su diseño, inspirado en la belleza de Cancún, te asegura un estilo único y elegante que resalta tu figura de manera natural. Confeccionada para ofrecerte el máximo confort y durabilidad, esta pieza clave de tu guardarropa veraniego es ideal para disfrutar del sol argentino con confianza y frescura. El blanco puro es un clásico que nunca falla, fácil de combinar y que te hará lucir radiante bajo el calor. No te quedes sin tu enteriza Cancún de El Gadget y viví un verano inolvidable. ¡Es la prenda ideal para destacar esta temporada!",in stock,new,43500.00 ARS,,https://elgadget.com.ar/producto/traje-de-bano-enteriza-cancun-blanca-malla-verano-el-gadget-a-pas21b/,https://res.cloudinary.com/deq2ofluf/image/upload/prod_A-PAS21B_001,"https://res.cloudinary.com/deq2ofluf/image/upload/prod_A-PAS21B_002,https://res.cloudinary.com/deq2ofluf/image/upload/prod_A-PAS21B_003,https://res.cloudinary.com/deq2ofluf/image/upload/prod_A-PAS21B_004",El Gadget,Verano,
A-PAS22,Bikini Traje de Baño Rayas Vedetina Tiro Alto - Tu Verano con Estilo,"Preparate para disfrutar del sol con nuestro bikini traje de baño de rayas. Su diseño vedetina tiro alto te asegura comodidad y estilo, perfecto para lucir espléndida este verano en Argentina y renovar tu look en la playa o la pileta. - Diseño vedetina tiro alto: realza tu figura y te brinda una sensación de seguridad, siguiendo las últimas tendencias de la moda de verano para mallas de mujer. - Estampado de rayas atemporal: un clásico que nunca pasa de moda, ideal para combinar y destacar en cualquier ocasión bajo el sol. - Confort asegurado: pensada para que te muevas libremente y disfrutes de cada momento, ya sea en la playa o la pileta. - Perfecta para el verano: esta malla es tu aliada ideal para los días cálidos, combinando estilo y practicidad en cada uso. No esperes más para sentirte cómoda y a la moda en cada chapuzón. Sumá este bikini de rayas a tu guardarropa y preparate para disfrutar de los días de sol con total confianza.",in stock,new,43500.00 ARS,,https://elgadget.com.ar/producto/bikini-traje-de-bano-rayas-vedetina-tiro-alto-tu-verano-con-estilo-a-pas22/,https://res.cloudinary.com/deq2ofluf/image/upload/prod_A-PAS22_001,"https://res.cloudinary.com/deq2ofluf/image/upload/prod_A-PAS22_002,https://res.cloudinary.com/deq2ofluf/image/upload/prod_A-PAS22_003,https://res.cloudinary.com/deq2ofluf/image/upload/prod_A-PAS22_004",El Gadget,Verano,
A-R1986-005,Lámpara de Mesa Árbol de Navidad Verde a Pilas para Deco,"Iluminá tus fiestas con esta encantadora lámpara de mesa, un arbolito de Navidad que transforma cualquier rincón en un espacio lleno de magia al instante. Es el adorno navideño perfecto para quienes buscan calidez y espíritu festivo en su hogar.Su diseño de arbolito de Navidad verde le da ese toque clásico y acogedor que tanto te gusta para estas fechas especiales.Al ser una lámpara de mesa, la podés ubicar en tu living, mesa ratona, mesita de luz o escritorio, sumando un punto de luz decorativo donde más lo necesites.Funciona con 3 pilas AA, ofreciéndote total libertad para colocarla en cualquier lugar sin preocuparte por enchufes ni cables.Con sus medidas aproximadas de 26cm, es ideal para destacar en tu decoración sin ocupar demasiado espacio, pero siendo el centro de todas las miradas.Creá ese ambiente único y festivo que tanto deseás para estas fiestas. Esta lámpara de decoración es también un regalo original y lleno de encanto. ¡Solo necesitás 3 pilas AA (no incluidas) para encenderla! No esperes más, sumala hoy a tu carrito y llená tu casa de la magia navideña.",in stock,new,26000.00 ARS,,https://elgadget.com.ar/producto/lampara-de-mesa-arbol-de-navidad-verde-a-pilas-para-deco-a-r1986-005/,https://res.cloudinary.com/deq2ofluf/image/upload/prod_A-R1986-005_001,"https://res.cloudinary.com/deq2ofluf/image/upload/prod_A-R1986-005_002,https://res.cloudinary.com/deq2ofluf/image/upload/prod_A-R1986-005_003,https://res.cloudinary.com/deq2ofluf/image/upload/prod_A-R1986-005_004,https://res.cloudinary.com/deq2ofluf/image/upload/prod_A-R1986-005_005,https://res.cloudinary.com/deq2ofluf/image/upload/prod_A-R1986-005_006",El Gadget,Deco,
A-R1986-012,Lámpara Led Colgante Unicornio Lila | 26cm de Magia para Habitación,"Transformá la habitación de tu pequeña en un lugar mágico con esta hermosa lámpara Led colgante de unicornio lila, el toque de fantasía que todo espacio infantil necesita. Dale vida a la decoración de su cuarto con un adorno luminoso único y lleno de encanto. - Iluminación decorativa que crea un ambiente soñado, ideal para dormitorios infantiles o espacios de juego, gracias a su forma de unicornio. - Libertad total: funciona a pilas (3xAA, no incluidas), para que la cuelgues donde quieras sin preocuparte por los enchufes y cables. - Tamaño perfecto: con sus 26cm aproximados, es el adorno ideal para destacar en cualquier rincón sin abrumar el espacio, aportando una luz suave. Es el regalo perfecto para cumpleaños, fiestas o simplemente para sorprender a quien ama la magia de los unicornios. No esperes más para llenar de encanto y luz cada momento. ¡Sumala hoy a tu carrito y dejate llevar por la fantasía!",in stock,new,26000.00 ARS,,https://elgadget.com.ar/producto/lampara-led-colgante-unicornio-lila-26cm-de-magia-para-habitacion-a-r1986-012/,https://res.cloudinary.com/deq2ofluf/image/upload/prod_A-R1986-012_001,"https://res.cloudinary.com/deq2ofluf/image/upload/prod_A-R1986-012_002,https://res.cloudinary.com/deq2ofluf/image/upload/prod_A-R1986-012_003,https://res.cloudinary.com/deq2ofluf/image/upload/prod_A-R1986-012_004,https://res.cloudinary.com/deq2ofluf/image/upload/prod_A-R1986-012_005",El Gadget,Deco,
A-R1986-014,"Lampara Led Colgante Arbol Navidad Verde 26cm, deco festiva","Preparate para la temporada más linda del año con la Lampara Led Colgante Árbol de Navidad Verde. Es el toque mágico que tu hogar necesita para crear un ambiente festivo y lleno de alegría. Ideal para ambientar cualquier rincón, esta luz decorativa transforma instantáneamente tu espacio, ¡y sin cables a la vista! - Su diseño de árbol de Navidad y el vibrante color verde se combinan para ofrecerte una decoración clásica y encantadora, perfecta para el espíritu navideño. - La tecnología LED te asegura una iluminación brillante, de bajo consumo y larga duración, para que disfrutes de la magia sin preocupaciones. - Al funcionar con 3 pilas AA (no incluidas), tenés total libertad para colgarla donde quieras, desde la ventana hasta el hall de entrada, sin depender de enchufes. - Con sus 26cm de altura aproximada, es el tamaño justo para complementar tu arbolito o ser el centro de atención en tu mesa. Esta lámpara colgante es el adorno navideño que estabas buscando para celebrar las fiestas con estilo. Un regalo perfecto o la excusa ideal para que tu casa irradie toda la calidez de la Navidad. No dejes pasar la oportunidad de sumar esta pieza única a tu decoración navideña. ¡Hacela tuya hoy y encendé la magia!",in stock,new,26000.00 ARS,,https://elgadget.com.ar/producto/lampara-led-colgante-arbol-navidad-verde-26cm-deco-festiva-a-r1986-014/,https://res.cloudinary.com/deq2ofluf/image/upload/prod_A-R1986-014_001,"https://res.cloudinary.com/deq2ofluf/image/upload/prod_A-R1986-014_002,https://res.cloudinary.com/deq2ofluf/image/upload/prod_A-R1986-014_003,https://res.cloudinary.com/deq2ofluf/image/upload/prod_A-R1986-014_004,https://res.cloudinary.com/deq2ofluf/image/upload/prod_A-R1986-014_005",El Gadget,Deco,
A-R2158-003A,Velador Led de Mesa Anana 26cm: toque divertido para tu deco,"Dale un toque tropical y lleno de estilo a tu espacio con nuestra Lampara Led de Mesa Anana. Con su diseño divertido y su luz acogedora, es el velador perfecto para transformar cualquier rincón de tu casa, aportando onda y originalidad. - Diseño exclusivo de ananá en amarillo y verde que irradia alegría y frescura, ideal para quienes buscan una decoración original y divertida en su hogar o para un regalo especial. - Iluminación LED suave y eficiente para crear ambientes cálidos y relajados, perfecta para tu mesa de luz, escritorio o cualquier rincón que necesite un toque de luz especial y bajo consumo. - Totalmente portátil gracias a su funcionamiento con 3 pilas AA (no incluidas), lo que te permite ubicarla sin depender de enchufes y disfrutar de su diseño en cualquier lugar. Con 26cm, es el tamaño ideal para destacar. Ya sea para vos o para hacer un regalo súper original y con onda, este velador ananá es un ""must"" para los amantes de la buena deco. No te quedes sin la tuya. ¡Añadila al carrito y llevate un pedacito de verano hoy mismo!",in stock,new,28000.00 ARS,,https://elgadget.com.ar/producto/velador-led-de-mesa-anana-26cm-toque-divertido-para-tu-deco-a-r2158-003a/,https://res.cloudinary.com/deq2ofluf/image/upload/prod_A-R2158-003A_001,"https://res.cloudinary.com/deq2ofluf/image/upload/prod_A-R2158-003A_002,https://res.cloudinary.com/deq2ofluf/image/upload/prod_A-R2158-003A_003,https://res.cloudinary.com/deq2ofluf/image/upload/prod_A-R2158-003A_004,https://res.cloudinary.com/deq2ofluf/image/upload/prod_A-R2158-003A_005",El Gadget,Deco,
A-R2234-013,Tira de Luz Mini Ostras Blanco 1 Metro para Deco con pilas,"Transformá tus espacios con la Tira de Luz Mini Ostras Blanco, una guirnalda led que crea ambientes mágicos y acogedores al instante, sin necesidad de enchufes. Perfecta para quienes buscan un toque original y cálido en su decoración. - Su diseño único con mini ostras shell aporta un estilo playero y elegante, ideal para ambientar cualquier rincón de tu casa. - Con 1 metro de largo, es la medida justa para destacar estantes, espejos, cabeceras o crear centros de mesa con un brillo sutil. - Funciona con 2 pilas AA, ofreciéndote total libertad para ubicarla donde quieras, sin cables molestos y con máxima portabilidad. Dale un toque de ensueño a tu living, dormitorio, galería o ese espacio especial que necesita un glow up. Esta tira de luz es el detalle que marca la diferencia en tu deco. ¡No esperes más y sumala a tu carrito para encender la magia en tu hogar hoy mismo!",in stock,new,14500.00 ARS,,https://elgadget.com.ar/producto/tira-de-luz-mini-ostras-blanco-1-metro-para-deco-con-pilas-a-r2234-013/,https://res.cloudinary.com/deq2ofluf/image/upload/prod_A-R2234-013_001,"https://res.cloudinary.com/deq2ofluf/image/upload/prod_A-R2234-013_002,https://res.cloudinary.com/deq2ofluf/image/upload/prod_A-R2234-013_003,https://res.cloudinary.com/deq2ofluf/image/upload/prod_A-R2234-013_004",El Gadget,Deco,
A-R2234-014,Tira de Luces Mini Cocktails 1 Metro para Decoración A Pilas,"Transformá cualquier rincón en un bar vibrante con esta original tira de luces mini cocktails. Es la solución perfecta para crear un ambiente divertido y festivo en tus reuniones, o simplemente para darle un toque único a tu decoración diaria. - Diseño exclusivo de mini tragos que le da un toque súper original y festivo a tu espacio, ideal para noches con amigos o celebraciones especiales. - Su medida de 1 metro es perfecta para destacar repisas, espejos, barras o botellas, sumando luz justa y sin cables a la vista. - Olvidate de buscar enchufes: funciona cómodamente con 2 pilas AA (no incluidas), dándote total libertad para colocar esta guirnalda luminosa donde más te guste. Esta tira de luz de deco es el gadget ideal para animar tus fiestas, darle onda a tu barra personal o encontrar el regalo perfecto para amantes de la coctelería y el buen gusto. Sumale estilo a tus espacios con un toque de luz que celebra la buena energía. ¡No esperes más para encender la diversión, hacela tuya hoy!",in stock,new,15000.00 ARS,,https://elgadget.com.ar/producto/tira-de-luces-mini-cocktails-1-metro-para-decoracion-a-pilas-a-r2234-014/,https://res.cloudinary.com/deq2ofluf/image/upload/prod_A-R2234-014_001,"https://res.cloudinary.com/deq2ofluf/image/upload/prod_A-R2234-014_002,https://res.cloudinary.com/deq2ofluf/image/upload/prod_A-R2234-014_003,https://res.cloudinary.com/deq2ofluf/image/upload/prod_A-R2234-014_004,https://res.cloudinary.com/deq2ofluf/image/upload/prod_A-R2234-014_005",El Gadget,Deco,
A-R2234-023,Lámpara LED colgante cactus verde para decorar sin cables,"Dale un toque original y divertido a cualquier rincón con la lámpara LED colgante diseño cactus. Es la solución ideal para sumar luz y estilo sin depender de enchufes. - Su diseño de cactus verde vibrante es perfecto para darle un aire fresco y moderno a tu living, dormitorio o espacio de trabajo. - Al ser colgante, podés ubicarla donde quieras para crear un punto focal único y personalizado. - Olvidate de los cables y los enchufes: funciona con 3 pilas AA (no incluidas), ofreciéndote total libertad para decorarla sin límites. - La iluminación LED proporciona una luz suave y acogedora, ideal para crear ambientes relajados y originales. - Con sus 23cm de altura, es el tamaño justo para resaltar sin recargar el ambiente. Esta lámpara decorativa de cactus es el regalo perfecto para amantes de la naturaleza y el diseño, o para darle ese toque especial a tu propio espacio. ¡No esperes más para transformar tus ambientes con estilo! Sumala a tu carrito y disfrutá de una deco original.",in stock,new,26000.00 ARS,,https://elgadget.com.ar/producto/lampara-led-colgante-cactus-verde-para-decorar-sin-cables-a-r2234-023/,https://res.cloudinary.com/deq2ofluf/image/upload/prod_A-R2234-023_001,"https://res.cloudinary.com/deq2ofluf/image/upload/prod_A-R2234-023_002,https://res.cloudinary.com/deq2ofluf/image/upload/prod_A-R2234-023_003,https://res.cloudinary.com/deq2ofluf/image/upload/prod_A-R2234-023_004,https://res.cloudinary.com/deq2ofluf/image/upload/prod_A-R2234-023_005,https://res.cloudinary.com/deq2ofluf/image/upload/prod_A-R2234-023_006",El Gadget,Deco,
A-R2234-026,Lámpara Colgante LED Flamenco Rojo 23cm decoración sin cables,"Dale un toque vibrante y original a cualquier rincón de tu casa con esta Lámpara Colgante LED Flamenco Rojo. Su diseño único y su luz cálida crean un ambiente súper canchero y lleno de personalidad, ideal para darle vida a tu decoración. Transformá tus espacios con un estilo divertido y moderno: el diseño de flamenco en color rojo intenso es el toque deco que estabas buscando para realzar cualquier ambiente. Disfrutá de una iluminación suave y duradera gracias a su tecnología LED de bajo consumo, ideal para crear atmósferas relajantes sin preocuparte por el gasto de energía. Olvidate de los enchufes y las instalaciones complicadas: funciona con 3 pilas AA (no incluidas), permitiéndote colgarla donde más te guste y moverla fácilmente. Con sus 23cm aproximados, es el tamaño ideal para destacar en estantes, paredes o como luz de noche, sumando encanto sin ocupar demasiado espacio. Esta lámpara colgante es el regalo original perfecto o el detalle ideal para vos, si te gusta personalizar tu hogar con gadgets de decoración. Sumale encanto a tu deco con un solo click y hacela tuya hoy.",in stock,new,26000.00 ARS,,https://elgadget.com.ar/producto/lampara-colgante-led-flamenco-rojo-23cm-decoracion-sin-cables-a-r2234-026/,https://res.cloudinary.com/deq2ofluf/image/upload/prod_A-R2234-026_001,"https://res.cloudinary.com/deq2ofluf/image/upload/prod_A-R2234-026_002,https://res.cloudinary.com/deq2ofluf/image/upload/prod_A-R2234-026_003,https://res.cloudinary.com/deq2ofluf/image/upload/prod_A-R2234-026_004,https://res.cloudinary.com/deq2ofluf/image/upload/prod_A-R2234-026_005,https://res.cloudinary.com/deq2ofluf/image/upload/prod_A-R2234-026_006",El Gadget,Deco,
A-R2234-027,Tira de luz mini sandías deco 1 metro a pilas para ambientar,"Dale un toque fresco y original a cualquier rincón de tu casa con esta tira de luz con mini sandías. Ideal para crear ambientes divertidos y llenos de onda en un segundo, transformando tus espacios con facilidad. - Diseño único de mini sandías: Transformá cualquier espacio con un estilo alegre y veraniego, perfecto para la habitación de los chicos, un living canchero o ese rincón olvidado que pide un poco de onda. - Un metro de diversión: Su tamaño ideal te permite decorar estantes, espejos, cabeceras de cama o usarla como centro de mesa en tus reuniones con amigos. Es super versátil para tus ideas de decoración. - Funciona con 2 pilas AA: Olvidate de los enchufes y las extensiones. Podés llevar esta guirnalda de luces y colocarla donde quieras sin depender de tomas, logrando una iluminación flexible y sin límites. Perfecta para regalar o para darte un gusto y renovar tus espacios con una iluminación cálida y divertida. Recordá que no incluye las pilas, así que sumá un par a tu compra y hacela tuya hoy mismo para disfrutar de su encanto.",in stock,new,16500.00 ARS,,https://elgadget.com.ar/producto/tira-de-luz-mini-sandias-deco-1-metro-a-pilas-para-ambientar-a-r2234-027/,https://res.cloudinary.com/deq2ofluf/image/upload/prod_A-R2234-027_001,"https://res.cloudinary.com/deq2ofluf/image/upload/prod_A-R2234-027_002,https://res.cloudinary.com/deq2ofluf/image/upload/prod_A-R2234-027_003,https://res.cloudinary.com/deq2ofluf/image/upload/prod_A-R2234-027_004,https://res.cloudinary.com/deq2ofluf/image/upload/prod_A-R2234-027_005,https://res.cloudinary.com/deq2ofluf/image/upload/prod_A-R2234-027_006",El Gadget,Deco,
A-R2234-028A,Lámpara LED Ananá Espejada Efecto Infinito: deco original sin cables,"Dale un toque de magia y originalidad a tus espacios con esta lámpara LED de diseño único. Su efecto infinito transforma cualquier rincón en un centro de atención moderno y chic, ideal para amantes de la decoración. - Lámpara LED blanca con forma de ananá: Un diseño exclusivo y divertido que suma personalidad y estilo a tu decoración, ideal para cualquier ambiente. - Efecto espejado infinito: Creá una atmósfera cautivadora. El juego de luces te transportará a un universo visual sin fin, generando un ambiente único. - Funciona con 3 pilas AAA: Olvidate de los cables. Ubicala donde quieras con total libertad, perfecta para mesas o estantes sin enchufes cercanos. - Medidas aproximadas de 20cm: Su tamaño compacto la hace versátil para cualquier superficie, ofreciendo un impacto visual potente sin ocupar mucho espacio. Esta lámpara ananá con efecto infinito es el regalo perfecto o el detalle que tu hogar necesita para resaltar. Recordá que no incluye las pilas. ¡Sumala a tu carrito y transformá tus ambientes hoy!",in stock,new,31000.00 ARS,,https://elgadget.com.ar/producto/lampara-led-anana-espejada-efecto-infinito-deco-original-sin-cables-a-r2234-028a/,https://res.cloudinary.com/deq2ofluf/image/upload/prod_A-R2234-028A_001,"https://res.cloudinary.com/deq2ofluf/image/upload/prod_A-R2234-028A_002,https://res.cloudinary.com/deq2ofluf/image/upload/prod_A-R2234-028A_003,https://res.cloudinary.com/deq2ofluf/image/upload/prod_A-R2234-028A_004,https://res.cloudinary.com/deq2ofluf/image/upload/prod_A-R2234-028A_005,https://res.cloudinary.com/deq2ofluf/image/upload/prod_A-R2234-028A_006",El Gadget,Deco,
A-R2234-028B,Lámpara LED Cisne Roja Efecto Infinito Espejado Deco Original,"Dale un toque mágico y moderno a cualquier rincón de tu casa con esta lámpara LED con forma de cisne, que crea un fascinante efecto infinito espejado en un vibrante color rojo. - Iluminá tus espacios con un diseño único y elegante, gracias a su distintiva forma de cisne. - Creá una atmósfera hipnótica: su acabado espejado genera un sorprendente efecto infinito que atrapa la mirada. - Añadí un toque vibrante y lleno de personalidad con su intensa luz LED de color rojo. - Disfrutá de total libertad para ubicarla donde quieras, sin cables molestos, ya que funciona cómodamente con 3 pilas AAA. - Con 20cm aproximados, su tamaño es ideal como luz decorativa para cualquier mesa, estante o escritorio. Esta lámpara decorativa no es solo luz, es una pieza de arte que transforma cualquier ambiente. El regalo ideal para amantes del diseño o para ese toque especial en tu living o dormitorio. Recordá que utiliza 3 pilas AAA; ¡asegurate de tenerlas y encendé la magia al instante! Hacé clic y sumala a tu carrito hoy.",in stock,new,31000.00 ARS,,https://elgadget.com.ar/producto/lampara-led-cisne-roja-efecto-infinito-espejado-deco-original-a-r2234-028b/,https://res.cloudinary.com/deq2ofluf/image/upload/prod_A-R2234-028B_001,"https://res.cloudinary.com/deq2ofluf/image/upload/prod_A-R2234-028B_002,https://res.cloudinary.com/deq2ofluf/image/upload/prod_A-R2234-028B_003,https://res.cloudinary.com/deq2ofluf/image/upload/prod_A-R2234-028B_004",El Gadget,Deco,
A-R2234-028C,Velador Led Unicornio Efecto Infinito Espejado Decorativo,"Dale un toque mágico y único a cualquier espacio con esta lámpara LED Unicornio. Su diseño espejado crea un fascinante efecto infinito que encantará a grandes y chicos, ideal para transformar la deco de tu hogar. - Un efecto infinito que hipnotiza: La superficie espejada de esta lámpara unicornio multiplica la luz LED, creando una ilusión de profundidad sin fin que sorprende y decora. - Iluminación LED eficiente y segura: Disfrutá de una luz suave y blanca con bajo consumo energético, perfecta para crear un ambiente relajante en dormitorios o salitas. - Tamaño ideal para cualquier rincón: Con sus 20cm aproximados, esta velador unicornio es perfecta para una mesa de luz, estante o escritorio, sumando encanto sin ocupar mucho espacio. - Libertad inalámbrica: Funciona con 3 pilas AAA (no incluidas), para que puedas ubicarla donde quieras sin depender de enchufes ni cables a la vista. Ya sea para un regalo inolvidable, para darle onda a una habitación infantil o simplemente para sumar una pieza original a tu decoración, este velador LED de unicornio es el detalle que estabas buscando. Sumalo a tu carrito hoy y llevate la magia a casa.",in stock,new,31000.00 ARS,,https://elgadget.com.ar/producto/velador-led-unicornio-efecto-infinito-espejado-decorativo-a-r2234-028c/,https://res.cloudinary.com/deq2ofluf/image/upload/prod_A-R2234-028C_001,"https://res.cloudinary.com/deq2ofluf/image/upload/prod_A-R2234-028C_002,https://res.cloudinary.com/deq2ofluf/image/upload/prod_A-R2234-028C_003,https://res.cloudinary.com/deq2ofluf/image/upload/prod_A-R2234-028C_004",El Gadget,Deco,
BWH0207,Set x2 Moldes Helado Silicona 20 Palitos Reutilizables,"Prepará helados caseros deliciosos y saludables con este set de moldes de silicona. ¡Diversión garantizada para toda la familia! Olvidate de preocupaciones: Nuestros moldes de silicona premium son 100% seguros y saludables para los más chicos, ideales para crear helados sin aditivos. Desmoldado sin esfuerzo: Gracias a su diseño flexible, sacar tus paletas es súper fácil. ¡Disfruten de su creación al instante! Limpieza simple y rápida: Podés lavarlos a mano o directamente en el lavavajillas. ¡Olvidate de las manchas y los rincones difíciles! Set completo para compartir: Incluye dos moldes y 20 palitos reutilizables. ¡Prepará el doble de helados y disfrutá de un verano más sustentable! Transformá la merienda o el postre en un momento creativo y refrescante. Este verano, ¡sumá el tuyo al carrito y empezá a crear recuerdos deliciosos!",in stock,new,10500.00 ARS,,https://elgadget.com.ar/producto/set-x2-moldes-helado-silicona-20-palitos-reutilizables-bwh0207/,https://res.cloudinary.com/deq2ofluf/image/upload/prod_BWH0207_001,"https://res.cloudinary.com/deq2ofluf/image/upload/prod_BWH0207_002,https://res.cloudinary.com/deq2ofluf/image/upload/prod_BWH0207_003,https://res.cloudinary.com/deq2ofluf/image/upload/prod_BWH0207_004,https://res.cloudinary.com/deq2ofluf/image/upload/prod_BWH0207_005,https://res.cloudinary.com/deq2ofluf/image/upload/prod_BWH0207_006",El Gadget,Artículos Infantiles,
DL1032,Strips depilacion facial aloe vera caja x30 unidades,"¿Buscás una solución rápida y gentil para el vello facial? Descubrí estas strips depilatorias de Aloe Vera, tu aliado perfecto para una piel suave y cuidada, sin irritaciones. - Depilación facial precisa: Ideales para eliminar el vello no deseado en áreas delicadas del rostro, brindando un acabado impecable y profesional. - Con el poder del Aloe Vera: Su fórmula enriquecida con extracto de Aloe Vera ayuda a calmar la piel durante y después de la depilación, reduciendo el enrojecimiento y dejando una sensación de confort. - Máxima practicidad: Cada caja incluye 30 unidades, garantizando múltiples aplicaciones y que siempre tengas a mano tu opción preferida para retoques o sesiones completas de belleza. - Resultados duraderos: Disfrutá de una piel lisa por más tiempo, ideal para tu rutina de estética y belleza sin complicaciones. Olvidate de las preocupaciones y lucí un rostro radiante con facilidad. Estas tiras depilatorias faciales son la elección inteligente para un cuidado personal efectivo. Añadilas a tu carrito y preparate para sentirte impecable.",in stock,new,16000.00 ARS,,https://elgadget.com.ar/producto/strips-depilacion-facial-aloe-vera-caja-x30-unidades-dl1032/,https://res.cloudinary.com/deq2ofluf/image/upload/prod_DL1032_001,,El Gadget,Estética y Belleza,
DL1054,Tapones Anti Ruido Noise Cancelling para Descanso y Concentración,"Los Tapones Anti-Ruido de El Gadget son protectores auditivos de silicona que reducen el ruido ambiente de forma pasiva: bloquean físicamente el sonido, como cualquier tapón para los oídos. Ideales para dormir con ruido (tránsito, un compañero que ronca), estudiar o concentrarte. Aclaración honesta: son de reducción PASIVA de ruido; no llevan tecnología electrónica de cancelación activa como los auriculares ""noise cancelling"". Atenúan los sonidos molestos, no generan silencio total. Usados correctamente son seguros y cómodos. Vienen en colores surtidos (negro, verde, azul, blanco), son reutilizables y lavables. Un par por unidad.",in stock,new,10500.00 ARS,,https://elgadget.com.ar/producto/tapones-anti-ruido-noise-cancelling-para-descanso-y-concentracion-dl1054/,https://res.cloudinary.com/deq2ofluf/image/upload/prod_DL1054_001,,El Gadget,Estética y Belleza,
DL1088,Borde seguridad adhesivo blanco EVA 2 mts para protección de muebles,"Protegé a tus chicos y evitá golpes con nuestro borde adhesivo de seguridad Bumper. Diseñado para ofrecer la máxima protección en tu hogar y asegurar la tranquilidad de tu familia. - Instalá fácilmente sin herramientas gracias a su diseño adhesivo, perfecto para proteger esquinas y bordes de mesas o muebles en tu casa. - Con 2 metros de largo, tenés suficiente para cubrir una superficie amplia o varios puntos críticos, adaptándose a tus necesidades de seguridad. - Disfrutá de una protección superior con el material EVA, que amortigua eficazmente los golpes y es seguro para el contacto, ideal para bebés y niños pequeños. - Integralo discretamente en cualquier ambiente de tu hogar. Su color blanco combina con la mayoría de los estilos de decoración, manteniendo la armonía visual. No esperes a que ocurra un accidente. Dale a tu casa la protección que necesita y convertí cada rincón en un espacio seguro para todos. Agregá este borde de seguridad a tu carrito y disfrutá de la tranquilidad que merecés.",in stock,new,8500.00 ARS,,https://elgadget.com.ar/producto/borde-seguridad-adhesivo-blanco-eva-2-mts-para-proteccion-de-muebles-dl1088/,https://res.cloudinary.com/deq2ofluf/image/upload/prod_DL1088_001,,El Gadget,Home,
DL1101-1,Rodillo sacapelusas extensible 1 metro - Set 3 rollos para casa impecable,"Cansado de pelos y pelusas en tu hogar? El rodillo sacapelusas adhesivo extensible es la solución definitiva para mantener tus sillones, alfombras y cortinas impecables con el mínimo esfuerzo. Este kit de limpieza simplifica la tarea de quitar pelusas, garantizando resultados sorprendentes en cualquier superficie textil. - Limpieza profunda y versátil: Su potente adhesivo elimina eficazmente pelos de mascotas, pelusas e hilos de ropa, tapizados, alfombras y cortinas. - Alcance sin esfuerzo: Gracias a su mango extensible de 1 metro, accedé cómodamente a los rincones altos o debajo de los muebles sin agacharte ni usar escaleras. - Siempre listo para usar: Incluye un set de 3 rollos adhesivos, asegurando que tengas repuesto para mantener tu casa impecable por más tiempo. - Cobertura amplia y rápida: Con un ancho de 24 cm por rollo, cubrí grandes superficies en menos pasadas, optimizando tu tiempo de limpieza. Este imprescindible de Baño y Limpieza te simplifica la rutina diaria. Sumá practicidad y eficiencia a tu hogar. Hacelo tuyo hoy y disfrutá de un ambiente siempre impecable.",in stock,new,17000.00 ARS,,https://elgadget.com.ar/producto/rodillo-sacapelusas-extensible-1-metro-set-3-rollos-para-casa-impecabl-dl1101-1/,https://res.cloudinary.com/deq2ofluf/image/upload/prod_DL1101-1_001,"https://res.cloudinary.com/deq2ofluf/image/upload/prod_DL1101-1_002,https://res.cloudinary.com/deq2ofluf/image/upload/prod_DL1101-1_003,https://res.cloudinary.com/deq2ofluf/image/upload/prod_DL1101-1_004",El Gadget,Baño y Limpieza,
DL1103X1,Escobilla de Baño Doble Cara para inodoro | Limpieza eficaz y práctica,"Renová la limpieza de tu baño con la Escobilla de Baño Doble Cara. Un gadget esencial que te ofrece una higiene más completa y eficiente en cada rincón del inodoro, haciendo tu rutina diaria mucho más sencilla y efectiva. - Su diseño de doble cara permite alcanzar cada rincón, garantizando una limpieza profunda y completa con menos esfuerzo y mayor rapidez. - Un accesorio práctico y duradero para tu baño, diseñado para optimizar tu tiempo y mejorar la higiene de tu hogar en el día a día. - Dale un toque de color a tu espacio: tu escobilla llegará en uno de los tonos modernos disponibles (beige, celeste o rosa). La sorpresa de recibir un color surtido es parte del encanto que se adapta a tu estilo. No dejes pasar esta oportunidad de mejorar tus elementos de limpieza con un producto funcional y estético. ¡Aprovechá esta oferta exclusiva para tu baño y sumala a tu carrito hoy mismo!",in stock,new,2500.00 ARS,,https://elgadget.com.ar/producto/escobilla-de-bano-doble-cara-para-inodoro-limpieza-eficaz-y-practica-dl1103x1/,https://res.cloudinary.com/deq2ofluf/image/upload/prod_DL1103X1_001,"https://res.cloudinary.com/deq2ofluf/image/upload/prod_DL1103X1_002,https://res.cloudinary.com/deq2ofluf/image/upload/prod_DL1103X1_003,https://res.cloudinary.com/deq2ofluf/image/upload/prod_DL1103X1_004",El Gadget,OFERTAS,
DL1103X12,Escobilla De Baño Doble Cara Pack x12 Unidades Surtidas,"Mantener tus baños impecables nunca fue tan fácil con el pack de escobillas doble cara. Disfrutá de una limpieza profunda y eficiente para cada rincón del inodoro, garantizando higiene y frescura en tu hogar. Es una inversión práctica para tener siempre a mano o equipar varios espacios. - Pack x12 unidades: Asegurate de tener siempre una escobilla de baño nueva y a mano para todos tus baños, ideal para renovar o equipar múltiples espacios con practicidad. - Diseño Doble Cara: Lográ una limpieza más profunda y eficiente en el inodoro, llegando sin esfuerzo a todos esos rincones difíciles gracias a su innovador formato. - Colores Surtidos: Recibí tu pack con una variada selección en tonos beige, celeste y rosa, que se adaptan a cualquier estilo de decoración y aportan un toque de frescura a tu baño. Esta es la solución perfecta para mantener la limpieza y la higiene en tu hogar o en tus propiedades de alquiler de forma práctica y económica. No esperes más para renovar tus accesorios de limpieza; sumá este pack esencial a tu carrito hoy mismo y transformá el cuidado de tus baños.",in stock,new,29000.00 ARS,,https://elgadget.com.ar/producto/escobilla-de-bano-doble-cara-pack-x12-unidades-surtidas-dl1103x12/,https://res.cloudinary.com/deq2ofluf/image/upload/prod_DL1103X12_001,"https://res.cloudinary.com/deq2ofluf/image/upload/prod_DL1103X12_002,https://res.cloudinary.com/deq2ofluf/image/upload/prod_DL1103X12_003,https://res.cloudinary.com/deq2ofluf/image/upload/prod_DL1103X12_004",El Gadget,Baño y Limpieza,
DL1172-5-BE,Alfombra Absorbente para Mascotas Diatomita Beige: pisadas secas,"¿Cansado de huellas mojadas y olores en casa? La Alfombra Absorbente para Mascotas BEIGE es la solución ideal para mantener tu hogar limpio y seco. - Fabricada con diatomita, un material natural de altísimo poder de absorción que seca líquidos al instante y ayuda a neutralizar olores eficazmente. - Mantiene tus pisos impecables y protegidos de derrames, accidentes o patitas mojadas después de un paseo o baño, evitando manchas y resbalones. - Su tamaño compacto de 30 x 40 cm la hace súper versátil: perfecta bajo el bebedero, en la entrada o como apoyo en el área de descanso de tu mascota. - El tono beige discreto se adapta fácilmente a cualquier ambiente de tu casa, combinando funcionalidad con estética. Decile adiós al trapo constante y disfrutá de un hogar más higiénico y ordenado. Esta alfombra es el aliado que todo dueño de mascota necesita. ¡Sumala a tu carrito y simplificá tu rutina diaria!",in stock,new,16000.00 ARS,,https://elgadget.com.ar/producto/alfombra-absorbente-para-mascotas-diatomita-beige-pisadas-secas-dl1172-5-be/,https://res.cloudinary.com/deq2ofluf/image/upload/prod_DL1172-5-BE_001,"https://res.cloudinary.com/deq2ofluf/image/upload/prod_DL1172-5-BE_002,https://res.cloudinary.com/deq2ofluf/image/upload/prod_DL1172-5-BE_003,https://res.cloudinary.com/deq2ofluf/image/upload/prod_DL1172-5-BE_004,https://res.cloudinary.com/deq2ofluf/image/upload/prod_DL1172-5-BE_005,https://res.cloudinary.com/deq2ofluf/image/upload/prod_DL1172-5-BE_006,https://res.cloudinary.com/deq2ofluf/image/upload/prod_DL1172-5-BE_007",El Gadget,Accesorios para Mascotas,
DL1172-5-GR,Alfombra absorbente para mascotas gris de diatomita. Pisos limpios.,"Cansado de los pisos mojados o sucios por tus mascotas? La alfombra absorbente de diatomita gris es la solución ideal para mantener tu hogar impecable sin esfuerzo. Pensada para la rutina de cualquier mascota, te da la tranquilidad que necesitás. - Despedite de las manchas y los charcos: su potente capacidad absorbente captura líquidos al instante, manteniendo tus pisos secos y limpios. - Fabricada con diatomita, un material natural super absorbente que seca al tacto en segundos. ¡Decí chau a la humedad! - Con sus prácticas medidas de 30 x 40 cm, es perfecta para colocar bajo bebederos, comederos o en la entrada de casa, adaptándose a cada espacio. Esta alfombra para mascotas no es solo un accesorio, es la tranquilidad que necesitás para un hogar más limpio y ordenado. Es la solución definitiva para evitar accidentes y cuidar tu casa. Sumala hoy a tu carrito y disfrutá de un ambiente impecable sin esfuerzo.",in stock,new,16000.00 ARS,,https://elgadget.com.ar/producto/alfombra-absorbente-para-mascotas-gris-de-diatomita-pisos-limpios-dl1172-5-gr/,https://res.cloudinary.com/deq2ofluf/image/upload/prod_DL1172-5-GR_001,"https://res.cloudinary.com/deq2ofluf/image/upload/prod_DL1172-5-GR_002,https://res.cloudinary.com/deq2ofluf/image/upload/prod_DL1172-5-GR_003,https://res.cloudinary.com/deq2ofluf/image/upload/prod_DL1172-5-GR_004,https://res.cloudinary.com/deq2ofluf/image/upload/prod_DL1172-5-GR_005",El Gadget,Accesorios para Mascotas,
DL1172-5-MA,"Alfombra absorbente para mascotas marrón 30x40cm, limpieza rapida","Cansado de huellas mojadas y charcos alrededor del bebedero de tu mascota? Olvidate de la humedad y mantené tu hogar impecable con esta alfombra absorbente, diseñada para la máxima higiene y practicidad en tu día a día. - Fabricada con diatomita de alta calidad, garantiza una absorción superior y un secado instantáneo, evitando charcos y humedad en el piso para una limpieza efectiva. - Su tamaño de 30 x 40 cm es perfecto para colocar debajo de bebederos, comederos o en cualquier zona de alto tránsito de tu perro o gato, adaptándose a tus espacios. - El tono marrón no solo es discreto y se integra fácilmente a la decoración de tu casa, sino que también ayuda a disimular posibles manchas, manteniendo un aspecto prolijo. Esta alfombra absorbente es el accesorio ideal para dueños de mascotas que buscan mantener la limpieza y el orden sin complicaciones. No dejes que la humedad arruine tus pisos. Sumala ahora a tu carrito y disfrutá de un ambiente más seco e higiénico en tu casa con este practico accesorio para mascotas.",in stock,new,16000.00 ARS,,https://elgadget.com.ar/producto/alfombra-absorbente-para-mascotas-marron-30x40cm-limpieza-rapida-dl1172-5-ma/,https://res.cloudinary.com/deq2ofluf/image/upload/prod_DL1172-5-MA_001,"https://res.cloudinary.com/deq2ofluf/image/upload/prod_DL1172-5-MA_002,https://res.cloudinary.com/deq2ofluf/image/upload/prod_DL1172-5-MA_003,https://res.cloudinary.com/deq2ofluf/image/upload/prod_DL1172-5-MA_004,https://res.cloudinary.com/deq2ofluf/image/upload/prod_DL1172-5-MA_005,https://res.cloudinary.com/deq2ofluf/image/upload/prod_DL1172-5-MA_006",El Gadget,Accesorios para Mascotas,
DL1193-2,"Collar Isabelino para Perros Gatos 35-43 cm, Velcro Ajustable","Asegurá la recuperación de tu mascota con este collar isabelino ajustable, ideal para perros y gatos con cuello de 35 a 43 cm. Es la solución perfecta para evitar que se laman o muerdan heridas o puntos post-operatorios, facilitando una curación más rápida y sin complicaciones. - Protege eficazmente a tu mascota: Este collar isabelino previene que tu perro o gato acceda a heridas, cirugías o zonas irritadas, promoviendo una recuperación tranquila y sin riesgos. - Ajuste perfecto y seguro: Su práctico cierre con Velcro permite colocarlo y regularlo fácilmente, garantizando un calce cómodo y firme para el cuello de tu mascota. - Talle preciso para el bienestar: Diseñado para mascotas con una circunferencia de cuello de 35 a 43 cm (talle 2), se adapta a una amplia gama de perros y gatos, asegurando la medida justa para su protección. Este accesorio es indispensable para el cuidado animal. Brindale a tu compañero la tranquilidad y seguridad que necesita durante su período de recuperación. ¡Sumalo hoy mismo a tu carrito para un cuidado óptimo!",in stock,new,9000.00 ARS,,https://elgadget.com.ar/producto/collar-isabelino-para-perros-gatos-35-43-cm-velcro-ajustable-dl1193-2/,https://res.cloudinary.com/deq2ofluf/image/upload/prod_DL1193-2_001,"https://res.cloudinary.com/deq2ofluf/image/upload/prod_DL1193-2_002,https://res.cloudinary.com/deq2ofluf/image/upload/prod_DL1193-2_003,https://res.cloudinary.com/deq2ofluf/image/upload/prod_DL1193-2_004,https://res.cloudinary.com/deq2ofluf/image/upload/prod_DL1193-2_005,https://res.cloudinary.com/deq2ofluf/image/upload/prod_DL1193-2_006,https://res.cloudinary.com/deq2ofluf/image/upload/prod_DL1193-2_007",El Gadget,Accesorios para Mascotas,
DL1193-3,Collar Isabelino para Perros y Gatos con Velcro 33-36 cm,"Asegurá la recuperación de tu mascota con este collar isabelino protector, diseñado para evitar que se lama o muerda heridas y puntos después de una cirugía o tratamiento. - Olvidate de las complicaciones: su práctico cierre con Velcro permite ponerlo y sacarlo de forma rápida y sencilla, ajustándose cómodamente sin estrés para tu animal. - Diseñado para cuellos de 33 a 36 cm, este collar isabelino asegura un ajuste preciso en tu perro o gato, brindando protección sin incomodarlo. Es el talle 3, ideal para muchos tamaños. - Mantené a tu compañero seguro durante su convalecencia, previniendo infecciones y ayudando a una curación más eficiente de cualquier lesión o tratamiento. Es un accesorio para mascotas indispensable para su bienestar post-operatorio. Sumalo al carrito hoy y dale a tu mejor amigo la tranquilidad que necesita para sanar.",in stock,new,9000.00 ARS,,https://elgadget.com.ar/producto/collar-isabelino-para-perros-y-gatos-con-velcro-33-36-cm-dl1193-3/,https://res.cloudinary.com/deq2ofluf/image/upload/prod_DL1193-3_001,"https://res.cloudinary.com/deq2ofluf/image/upload/prod_DL1193-3_002,https://res.cloudinary.com/deq2ofluf/image/upload/prod_DL1193-3_003,https://res.cloudinary.com/deq2ofluf/image/upload/prod_DL1193-3_004,https://res.cloudinary.com/deq2ofluf/image/upload/prod_DL1193-3_005,https://res.cloudinary.com/deq2ofluf/image/upload/prod_DL1193-3_006,https://res.cloudinary.com/deq2ofluf/image/upload/prod_DL1193-3_007",El Gadget,Accesorios para Mascotas,
DL1193-4,Collar isabelino para mascotas con velcro 26-33 cm ajustable,"Protegé a tu compañero de cuatro patas durante su recuperación con este collar isabelino esencial. Diseñado para ofrecerle la seguridad que necesita sin sacrificar su comodidad. - Esencial para la recuperación: Evita que tu perro o gato se lama o muerda heridas, puntos o zonas irritadas, favoreciendo una curación más rápida y segura. - Cierre con velcro práctico: Colocalo y quitalo sin esfuerzo. Su diseño con velcro permite un ajuste cómodo y seguro al cuello de tu mascota, evitando molestias. - Talle adaptable 26-33 cm: Con una circunferencia de cuello de 26 a 33 cm, es ideal para garantizar la protección adecuada a perros y gatos de diferentes tamaños. Brindale a tu mascota la protección y tranquilidad que necesita en su proceso de curación. Un accesorio fundamental para su bienestar. ¡Sumalo hoy a tu carrito y asegurá su pronta recuperación!",in stock,new,9000.00 ARS,,https://elgadget.com.ar/producto/collar-isabelino-para-mascotas-con-velcro-26-33-cm-ajustable-dl1193-4/,https://res.cloudinary.com/deq2ofluf/image/upload/prod_DL1193-4_001,"https://res.cloudinary.com/deq2ofluf/image/upload/prod_DL1193-4_002,https://res.cloudinary.com/deq2ofluf/image/upload/prod_DL1193-4_003,https://res.cloudinary.com/deq2ofluf/image/upload/prod_DL1193-4_004,https://res.cloudinary.com/deq2ofluf/image/upload/prod_DL1193-4_005,https://res.cloudinary.com/deq2ofluf/image/upload/prod_DL1193-4_006,https://res.cloudinary.com/deq2ofluf/image/upload/prod_DL1193-4_007",El Gadget,Accesorios para Mascotas,
DL1193-5,"Collar Isabelino para Mascotas 23-27 cm, cierre velcro ajustable","¿Tu mascota necesita protección durante su recuperación? Este collar isabelino está diseñado para asegurar que no se lama o muerda heridas, brindándole tranquilidad y seguridad en todo el proceso. Un accesorio esencial para su bienestar. - Diseño protector eficaz: Evitá que tu perro o gato se lama o muerda heridas y vendajes, garantizando una recuperación más rápida y sin complicaciones. - Ajuste perfecto con velcro: Su práctico cierre de velcro permite ponerlo y sacarlo fácilmente, además de ajustarlo a la medida exacta del cuello (23 a 27 cm), ofreciendo comodidad y seguridad. - Ideal para postoperatorios y tratamientos: Un cono protector indispensable para cuidar a tu compañero peludo en momentos delicados, asegurando su bienestar. No dejes la recuperación de tu mascota al azar. Con este collar protector, le das la tranquilidad que necesita para sanar sin molestias. ¡Sumalo al carrito y cuidalo como se merece hoy mismo!",in stock,new,9000.00 ARS,,https://elgadget.com.ar/producto/collar-isabelino-para-mascotas-23-27-cm-cierre-velcro-ajustable-dl1193-5/,https://res.cloudinary.com/deq2ofluf/image/upload/prod_DL1193-5_001,"https://res.cloudinary.com/deq2ofluf/image/upload/prod_DL1193-5_002,https://res.cloudinary.com/deq2ofluf/image/upload/prod_DL1193-5_003,https://res.cloudinary.com/deq2ofluf/image/upload/prod_DL1193-5_004,https://res.cloudinary.com/deq2ofluf/image/upload/prod_DL1193-5_005,https://res.cloudinary.com/deq2ofluf/image/upload/prod_DL1193-5_006,https://res.cloudinary.com/deq2ofluf/image/upload/prod_DL1193-5_007",El Gadget,Accesorios para Mascotas,
DL1193-6,Collar Isabelino para Perros Gatos Velcro 18-22cm Ajuste Comodo,"Asegurá la recuperación de tu mejor amigo con este práctico collar isabelino para mascotas. Ideal para perros y gatos pequeños que necesitan protección extra durante su proceso de curación. Este accesorio esencial combina funcionalidad y confort para el bienestar de tu compañero. - Ajuste con Velcro: colocalo y retiralo sin complicaciones, asegurando un calce perfecto y sin estresar a tu mascota en momentos delicados. - Medida ideal (18 a 22 cm): pensado para cuellos chicos (talle 6), garantizando la comodidad necesaria sin restringir demasiado sus movimientos. - Protección efectiva: evita que tu mascota se lama o muerda heridas, cirugías o irritaciones, favoreciendo una recuperación rápida y segura. Este accesorio para mascotas es perfecto para cuidar a tu compañero fiel tras una cirugía o lesión. Dale la tranquilidad que necesita para sanar, sumalo a tu carrito hoy mismo y asegurale una recuperación sin preocupaciones.",in stock,new,9000.00 ARS,,https://elgadget.com.ar/producto/collar-isabelino-para-perros-gatos-velcro-18-22cm-ajuste-comodo-dl1193-6/,https://res.cloudinary.com/deq2ofluf/image/upload/prod_DL1193-6_001,"https://res.cloudinary.com/deq2ofluf/image/upload/prod_DL1193-6_002,https://res.cloudinary.com/deq2ofluf/image/upload/prod_DL1193-6_003,https://res.cloudinary.com/deq2ofluf/image/upload/prod_DL1193-6_004,https://res.cloudinary.com/deq2ofluf/image/upload/prod_DL1193-6_005,https://res.cloudinary.com/deq2ofluf/image/upload/prod_DL1193-6_006,https://res.cloudinary.com/deq2ofluf/image/upload/prod_DL1193-6_007",El Gadget,Accesorios para Mascotas,
DL1254-2X1,Pinza Destapa Cañerías Flexible 160cm: adiós a las obstrucciones,"¿Cansado de los desagües tapados en tu casa? La Pinza Destapa Cañerías Flexible de 160cm es la solución definitiva para decirle adiós a esas obstrucciones molestas en baños y cocinas, de forma rápida y sin complicaciones, evitando el costo de un plomero. - Su impresionante largo de 160cm te permite alcanzar y resolver obstrucciones profundas en cualquier tipo de cañería, garantizando una limpieza completa y efectiva. - Gracias a su diseño flexible, esta herramienta se adapta sin problemas a las curvas de tus desagües, llegando a esos rincones difíciles donde otros destapadores no pueden. - Equipada con una pinza de agarre, podrás extraer fácilmente pelos, restos de jabón, comida y otros desechos que provocan los tapones, asegurando una remoción total. No dejes que un caño tapado arruine tu día. Esta herramienta esencial de Baño y Limpieza es la inversión inteligente para mantener tu hogar impecable. ¡Sumala a tu carrito hoy y recuperá la fluidez de tus cañerías al instante!",in stock,new,5000.00 ARS,,https://elgadget.com.ar/producto/pinza-destapa-canerias-flexible-160cm-adios-a-las-obstrucciones-dl1254-2x1/,https://res.cloudinary.com/deq2ofluf/image/upload/prod_DL1254-2X1_001,"https://res.cloudinary.com/deq2ofluf/image/upload/prod_DL1254-2X1_002,https://res.cloudinary.com/deq2ofluf/image/upload/prod_DL1254-2X1_003,https://res.cloudinary.com/deq2ofluf/image/upload/prod_DL1254-2X1_004,https://res.cloudinary.com/deq2ofluf/image/upload/prod_DL1254-2X1_005,https://res.cloudinary.com/deq2ofluf/image/upload/prod_DL1254-2X1_006",El Gadget,Baño y Limpieza,
DL1268,Cepillo flexible de silicona lava copas pack x20 - lavado profundo,"Olvidate de las copas sucias y difíciles de limpiar. Este pack de 20 cepillos de silicona premium te ofrece la solución definitiva para un lavado profundo y sin esfuerzo de todo tu bazar y cocina, cuidando tus piezas más delicadas. - La flexibilidad de la silicona permite alcanzar cada rincón de tus copas, vasos y botellas, asegurando una limpieza impecable donde otros cepillos no llegan. - Material premium y duradero: Suave pero resistente, ideal para lavar sin rayar cristal o cerámica, prolongando la vida útil de tu vajilla. - Stock asegurado: Con este práctico pack de 20 unidades, tenés repuestos de sobra para uso diario intensivo en tu hogar o para tu negocio. - Limpieza profunda sin esfuerzo: Diseñado para una higiene completa en tu bazar y cocina, optimizando tu tiempo y cuidando cada detalle. Decile adiós a los residuos y las marcas de agua. Este set es el aliado perfecto para mantener tu vajilla siempre brillante, ya sea para el uso cotidiano en tu hogar o para la exigencia de un bar o restaurante. Sumá practicidad y brillo a tu cocina hoy mismo.",in stock,new,25000.00 ARS,,https://elgadget.com.ar/producto/cepillo-flexible-de-silicona-lava-copas-pack-x20-lavado-profundo-dl1268/,https://res.cloudinary.com/deq2ofluf/image/upload/prod_DL1268_001,"https://res.cloudinary.com/deq2ofluf/image/upload/prod_DL1268_002,https://res.cloudinary.com/deq2ofluf/image/upload/prod_DL1268_003,https://res.cloudinary.com/deq2ofluf/image/upload/prod_DL1268_004,https://res.cloudinary.com/deq2ofluf/image/upload/prod_DL1268_005,https://res.cloudinary.com/deq2ofluf/image/upload/prod_DL1268_006,https://res.cloudinary.com/deq2ofluf/image/upload/prod_DL1268_007,https://res.cloudinary.com/deq2ofluf/image/upload/prod_DL1268_008",El Gadget,Bazar y Cocina,
DL1280-1-POR-UNI,Pulsera Repelente de Mosquitos Niños | Protección Natural Citronela,"Dale a tus hijos la mejor defensa contra los mosquitos con esta práctica pulsera repelente, diseñada para protegerlos de forma natural y sin tóxicos. Ideal para que disfruten del aire libre sin picaduras, brindando tranquilidad a toda la familia. - Diseñada especialmente para los más chicos, es cómoda y fácil de llevar en cualquier aventura, adaptándose a su tamaño sin irritar su piel. - Disfrutá de una protección efectiva gracias a su fórmula con 100% aceite natural de Citronela, un repelente reconocido que mantiene a los mosquitos a raya de forma suave y duradera. - Totalmente segura para su salud: es no tóxica y libre de químicos agresivos, brindándote la tranquilidad que necesitás para el cuidado personal de tus pequeños. Perfecta para el día a día, salidas al parque o vacaciones, esta pulsera antimosquitos infantil es la solución práctica que buscabas para el bienestar de tu familia. Sumala al carrito y asegurá que tus chicos jueguen protegidos hoy mismo.",in stock,new,3000.00 ARS,,https://elgadget.com.ar/producto/pulsera-repelente-de-mosquitos-ninos-proteccion-natural-citronela-dl1280-1-por-uni/,https://res.cloudinary.com/deq2ofluf/image/upload/prod_DL1280-1-POR-UNI_001,"https://res.cloudinary.com/deq2ofluf/image/upload/prod_DL1280-1-POR-UNI_002,https://res.cloudinary.com/deq2ofluf/image/upload/prod_DL1280-1-POR-UNI_003,https://res.cloudinary.com/deq2ofluf/image/upload/prod_DL1280-1-POR-UNI_004,https://res.cloudinary.com/deq2ofluf/image/upload/prod_DL1280-1-POR-UNI_005,https://res.cloudinary.com/deq2ofluf/image/upload/prod_DL1280-1-POR-UNI_006,https://res.cloudinary.com/deq2ofluf/image/upload/prod_DL1280-1-POR-UNI_007",El Gadget,Artículos Infantiles,
DL1280-1X12,Pulsera repelente de mosquitos niños pack x12 citronela natural,"Protegé a los más chicos de las picaduras con estas pulseras repelentes de mosquitos, diseñadas para brindarles seguridad y diversión en todo momento. Su fórmula 100% natural con citronela asegura un cuidado efectivo y sin tóxicos, perfecto para la piel delicada de los niños. Olvidate de las molestias y disfrutá de cada aventura al aire libre con total tranquilidad. - Protección efectiva y natural: Gracias al aceite 100% natural de Citronela, mantendrás a los mosquitos lejos sin necesidad de químicos agresivos. - Tranquilidad para toda la familia: Son completamente no tóxicas, ideales para la piel sensible de los niños y el uso diario sin preocupaciones. - Siempre listos: Con este práctico pack de 12 unidades surtidas, tus hijos tendrán una pulsera antimosquitos para cada ocasión o podrán compartir con amigos, asegurando que nunca les falte protección. Ideales para el verano, las vacaciones o los juegos en el parque, estas pulseritas antimosquitos son el accesorio indispensable para el bienestar de tus hijos. Asegurá su protección hoy mismo y sumalas a tu carrito para disfrutar de la naturaleza sin picaduras.",in stock,new,30500.00 ARS,,https://elgadget.com.ar/producto/pulsera-repelente-de-mosquitos-ninos-pack-x12-citronela-natural-dl1280-1x12/,https://res.cloudinary.com/deq2ofluf/image/upload/prod_DL1280-1X12_001,"https://res.cloudinary.com/deq2ofluf/image/upload/prod_DL1280-1X12_002,https://res.cloudinary.com/deq2ofluf/image/upload/prod_DL1280-1X12_003,https://res.cloudinary.com/deq2ofluf/image/upload/prod_DL1280-1X12_004,https://res.cloudinary.com/deq2ofluf/image/upload/prod_DL1280-1X12_005,https://res.cloudinary.com/deq2ofluf/image/upload/prod_DL1280-1X12_006,https://res.cloudinary.com/deq2ofluf/image/upload/prod_DL1280-1X12_007",El Gadget,Artículos Infantiles,
DL2150,Lampara Led Escritorio Ventilador USB Recargable y Reloj,"Optimiza tu espacio de trabajo o estudio con esta lámpara LED de escritorio que va mucho más allá de iluminar. Es la solución compacta y recargable que necesitás para tener todo organizado y a mano. Descubrí sus múltiples beneficios para tu día a día: - Iluminación LED de lectura: Disfrutá de una luz clara y eficiente, ideal para cuidar tu vista mientras leés, estudiás o trabajás sin fatiga visual. - Ventilador integrado y porta lápices: Mantené tu escritorio ordenado y fresco, con un espacio dedicado para tus útiles y una brisa suave en los días calurosos. - Reloj digital, fecha y temperatura: Tené la información clave siempre a la vista para organizar tu día sin distracciones, todo en un mismo gadget. - Batería recargable USB: Llevála a donde quieras sin cables, usala en cualquier rincón de tu casa o como luz de emergencia, con la practicidad que te da la carga por USB. Ideal para tu home office, el cuarto de los chicos o como un regalo original y súper útil. No dejes pasar esta lámpara multifunción que simplifica tu día a día, ¡sumala al carrito hoy mismo y disfrutá de la comodidad!",in stock,new,73000.00 ARS,,https://elgadget.com.ar/producto/lampara-led-escritorio-ventilador-usb-recargable-y-reloj-dl2150/,https://res.cloudinary.com/deq2ofluf/image/upload/prod_DL2150_001,"https://res.cloudinary.com/deq2ofluf/image/upload/prod_DL2150_002,https://res.cloudinary.com/deq2ofluf/image/upload/prod_DL2150_003,https://res.cloudinary.com/deq2ofluf/image/upload/prod_DL2150_004,https://res.cloudinary.com/deq2ofluf/image/upload/prod_DL2150_005,https://res.cloudinary.com/deq2ofluf/image/upload/prod_DL2150_006,https://res.cloudinary.com/deq2ofluf/image/upload/prod_DL2150_007,https://res.cloudinary.com/deq2ofluf/image/upload/prod_DL2150_008,https://res.cloudinary.com/deq2ofluf/image/upload/prod_DL2150_009",El Gadget,Home,
DL2276,Organizador Escurridor Platos Metálico Extraíble Adhesivo Bajo Bacha,"Transformá tu cocina en un espacio funcional y ordenado con este innovador organizador escurridor de platos extraíble. Ideal para aprovechar cada rincón bajo la bacha o dentro de gabinetes, manteniendo tu vajilla siempre seca y lista para usar. - Sistema de riel adhesivo: olvidate de taladrar y agujerear paredes. Instalación súper fácil y rápida para tenerlo listo al instante. - Estructura metálica resistente: fabricado en acero al carbono, asegura durabilidad y firmeza para soportar tu vajilla sin problemas. - Diseño versátil 2 en 1: escurre y organiza platos, vasos, cubiertos y todos tus accesorios de cocina en un solo lugar. - Totalmente adaptable: podés removerlo y ajustarlo según necesites, optimizando cada centímetro de tu alacena o bajo fregadero. - Aprovechá cada espacio: ideal para cocinas pequeñas o con poco almacenamiento, convirtiendo rincones olvidados en áreas útiles y ordenadas.Disfrutá de una cocina siempre organizada y con todo a mano. Este organizador de vajilla es la solución práctica y duradera que tu hogar necesita. ¡Hacelo tuyo hoy y sentí la diferencia!",in stock,new,75500.00 ARS,,https://elgadget.com.ar/producto/organizador-escurridor-platos-metalico-extraible-adhesivo-bajo-bacha-dl2276/,https://res.cloudinary.com/deq2ofluf/image/upload/prod_DL2276_001,"https://res.cloudinary.com/deq2ofluf/image/upload/prod_DL2276_002,https://res.cloudinary.com/deq2ofluf/image/upload/prod_DL2276_003,https://res.cloudinary.com/deq2ofluf/image/upload/prod_DL2276_004,https://res.cloudinary.com/deq2ofluf/image/upload/prod_DL2276_005,https://res.cloudinary.com/deq2ofluf/image/upload/prod_DL2276_006,https://res.cloudinary.com/deq2ofluf/image/upload/prod_DL2276_007,https://res.cloudinary.com/deq2ofluf/image/upload/prod_DL2276_008",El Gadget,OFERTAS,
DL2277,Organizador Escurre Platos Extraíble Adhesivo para Alacena,"Transformá tu cocina al instante con este escurridor y organizador de platos extraíble. Ideal para aprovechar cada rincón bajo el fregadero o dentro de tu alacena, manteniendo todo ordenado y seco sin esfuerzo, incluso en cocinas pequeñas. - Instalación express: Olvidate de agujerear y dañar tus muebles. Se coloca en minutos con su sistema de riel adhesivo ultrarresistente. - Diseño robusto y duradero: Fabricado en acero al carbono metálico, soporta el peso de tu vajilla y te asegura años de uso impecable como rack para platos. - Todo en su lugar: Escurrí platos, vasos y cubiertos mientras los tenés ordenados y al alcance, optimizando el espacio como nunca. - Flexibilidad total: Su diseño removible y ajustable se adapta a tus necesidades, facilitando la limpieza y el acceso. - Espacio extra garantizado: Perfecto para cocinas con poco almacenamiento, transforma ese rincón olvidado en un área útil y funcional. Decile adiós al desorden y a la humedad en tu cocina. Este organizador escurreplatos es la solución inteligente para un hogar más práctico. ¡Sumalo hoy a tu carrito y disfrutá de una cocina siempre impecable!",in stock,new,73000.00 ARS,,https://elgadget.com.ar/producto/organizador-escurre-platos-extraible-adhesivo-para-alacena-dl2277/,https://res.cloudinary.com/deq2ofluf/image/upload/prod_DL2277_001,"https://res.cloudinary.com/deq2ofluf/image/upload/prod_DL2277_002,https://res.cloudinary.com/deq2ofluf/image/upload/prod_DL2277_003,https://res.cloudinary.com/deq2ofluf/image/upload/prod_DL2277_004,https://res.cloudinary.com/deq2ofluf/image/upload/prod_DL2277_005",El Gadget,OFERTAS,
DL2287,Plato giratorio organizador antideslizante 30cm rotación 360°,"¿Cansado de buscar y mover cosas para encontrar lo que necesitás? Este plato giratorio organizador es la solución ideal para ponerle fin al desorden en tu casa y tener todo al alcance de tu mano. Es perfecto para ordenar especias, cosméticos y pequeños objetos en cualquier ambiente de tu hogar. Accedé a todo sin esfuerzo: Su sistema de rodamiento suave te permite girar la bandeja 360° y alcanzar lo que esté al fondo al instante, sin tener que mover nada. Calidad premium y fácil limpieza: Fabricado en plástico ABS resistente, es impermeable y se limpia con solo pasar un paño, garantizando una larga vida útil. Organización versátil para todo tu hogar: Usalo en la cocina para especias, en el baño para cosméticos o en tu vestidor para accesorios. ¡Un solo organizador para múltiples usos! Optimizá cada rincón: Centralizá tus objetos y liberá espacio en mesadas y alacenas, haciendo que tus ambientes luzcan más amplios y despejados. Con su diseño moderno y 30cm de diámetro, este organizador giratorio es el toque de orden que tus espacios necesitan. ¡Sumalo hoy a tu carrito y transformá tu rutina diaria!",in stock,new,36500.00 ARS,,https://elgadget.com.ar/producto/plato-giratorio-organizador-antideslizante-30cm-rotacion-360-dl2287/,https://res.cloudinary.com/deq2ofluf/image/upload/prod_DL2287_001,"https://res.cloudinary.com/deq2ofluf/image/upload/prod_DL2287_002,https://res.cloudinary.com/deq2ofluf/image/upload/prod_DL2287_003,https://res.cloudinary.com/deq2ofluf/image/upload/prod_DL2287_004,https://res.cloudinary.com/deq2ofluf/image/upload/prod_DL2287_005,https://res.cloudinary.com/deq2ofluf/image/upload/prod_DL2287_006,https://res.cloudinary.com/deq2ofluf/image/upload/prod_DL2287_007,https://res.cloudinary.com/deq2ofluf/image/upload/prod_DL2287_008,https://res.cloudinary.com/deq2ofluf/image/upload/prod_DL2287_009",El Gadget,OFERTAS,
DL2314,Funda Cubre Sofá Sillón Elastizada M Premium (145-185cm),"Dale una nueva vida a tu living con la funda cubre sillón elastizada premium. Protegé tu sofá de forma elegante y renová su look en minutos, ideal para hogares con niños o mascotas que buscan estilo y practicidad. Disfrutá de un ambiente moderno y cuidado sin grandes gastos. - Renovación instantánea: Transformá tu sillón gastado o dale un aire moderno y elegante a tu living en minutos, como si fuera nuevo. - Protección garantizada: Mantené tu sofá impecable frente al desgaste, manchas de comida, polvo, y protegé la tapicería de niños y mascotas. - Ajuste perfecto y duradero: Su tejido premium de alta elasticidad (poliéster y elastano) se amolda sin perder la forma, asegurando un calce prolijo y sin pliegues. - Incluye funda de cojín: Complementá la decoración de tu ambiente con una funda para cojín haciendo juego, logrando una estética armónica y completa. - Máxima practicidad: Fácil de colocar y retirar, es completamente apta para lavarropas, conservando su color y elasticidad lavado tras lavado. No esperes más para darle un cambio a tu hogar. Esta funda cubre sillón es la solución ideal para proteger y embellecer tu espacio de forma económica y sin complicaciones. Sumala a tu carrito y disfrutá de un living renovado con estilo.",in stock,new,94000.00 ARS,,https://elgadget.com.ar/producto/funda-cubre-sofa-sillon-elastizada-m-premium-145-185cm-dl2314/,https://res.cloudinary.com/deq2ofluf/image/upload/prod_DL2314_001,"https://res.cloudinary.com/deq2ofluf/image/upload/prod_DL2314_002,https://res.cloudinary.com/deq2ofluf/image/upload/prod_DL2314_003,https://res.cloudinary.com/deq2ofluf/image/upload/prod_DL2314_004,https://res.cloudinary.com/deq2ofluf/image/upload/prod_DL2314_005,https://res.cloudinary.com/deq2ofluf/image/upload/prod_DL2314_006",El Gadget,OFERTAS,
DL2319,Cinta Membrana Autoadhesiva Techo Impermeable Aislante Térmico,"¿Cansado de las goteras y el frío en invierno? Esta cinta membrana autoadhesiva es la solución definitiva para sellar tu techo y aislarlo del clima. - Olvidate de goteras y filtraciones: Su tecnología nano impermeable bloquea el agua al instante, sellando grietas y huecos en techos y canaletas de forma permanente. - Mantené tu casa a la temperatura ideal: Gracias a su capa aislante anti-sol, regula el calor en verano y evita pérdidas en invierno, generando ahorro en tus facturas. - Adherencia extrema y duración garantizada: Se pega firmemente a chapas, tejas, hormigón y más, soportando movimientos y el clima extremo sin deteriorarse por años. - Instalación simple y rápida: No necesitás ser un experto. Limpiá, cortá, pegá y presioná para un sellado hermético en minutos, sin herramientas complejas. Dale a tu hogar o comercio la protección y el confort que necesita con esta membrana de alto rendimiento. ¡No esperes más para terminar con las filtraciones, sumala a tu carrito y disfrutá de un espacio seguro y confortable!",in stock,new,21000.00 ARS,,https://elgadget.com.ar/producto/cinta-membrana-autoadhesiva-techo-impermeable-aislante-termico-dl2319/,https://res.cloudinary.com/deq2ofluf/image/upload/prod_DL2319_001,"https://res.cloudinary.com/deq2ofluf/image/upload/prod_DL2319_002,https://res.cloudinary.com/deq2ofluf/image/upload/prod_DL2319_003,https://res.cloudinary.com/deq2ofluf/image/upload/prod_DL2319_004,https://res.cloudinary.com/deq2ofluf/image/upload/prod_DL2319_005,https://res.cloudinary.com/deq2ofluf/image/upload/prod_DL2319_006,https://res.cloudinary.com/deq2ofluf/image/upload/prod_DL2319_007",El Gadget,OFERTAS,
DL2329,Rejilla desagüe piso click acero inox: anti-pelos y malos olores,"Renová tu baño o cocina y decile chau a los malos olores e insectos con nuestra rejilla de desagüe inteligente. Un accesorio clave que combina diseño moderno con máxima funcionalidad para tu hogar, transformando tu rutina diaria en una experiencia más placentera y sin preocupaciones. Es ideal para modernizar cualquier ambiente de forma sencilla y efectiva. - Activá el desagüe con un simple click de pie, sin agacharte ni tocar: máxima higiene y confort para tu día a día. - Bloqueo hermético 360°: protegé tu casa de malos olores, cucarachas e insectos, manteniendo tus espacios siempre frescos y sanos. - Olvidate de las cañerías tapadas: su filtro interno atrapa pelos y residuos, se limpia en segundos y previene futuros bloqueos en tu desagüe de piso. - Fabricada en acero inoxidable 304 premium, te asegura durabilidad, resistencia a la corrosión y un acabado cromado brillante que embellece cualquier ambiente. Perfecta para tu ducha, baño, cocina o lavadero, esta rejilla de piso se adapta a cualquier ambiente y es fácil de instalar. No esperes más, sumala a tu carrito y transformá tus espacios.",in stock,new,9000.00 ARS,,https://elgadget.com.ar/producto/rejilla-desague-piso-click-acero-inox-anti-pelos-y-malos-olores-dl2329/,https://res.cloudinary.com/deq2ofluf/image/upload/prod_DL2329_001,"https://res.cloudinary.com/deq2ofluf/image/upload/prod_DL2329_002,https://res.cloudinary.com/deq2ofluf/image/upload/prod_DL2329_003,https://res.cloudinary.com/deq2ofluf/image/upload/prod_DL2329_004,https://res.cloudinary.com/deq2ofluf/image/upload/prod_DL2329_005,https://res.cloudinary.com/deq2ofluf/image/upload/prod_DL2329_006,https://res.cloudinary.com/deq2ofluf/image/upload/prod_DL2329_007",El Gadget,Nuevos Ingresos,
DL2349,Bolas atrapa pelos lavarropas reutilizables x4 anti enredos y pelusas,"¿Cansado de la ropa con pelos y pelusas después de cada lavado? Descubrí las Bolas Atrapa Pelos Reutilizables de El Gadget, la solución definitiva para mantener tus prendas impecables y sin enredos, como recién salidas de la tintorería. - Olvidate de los pelos de mascotas y las molestas pelusas: Su diseño especial absorbe eficazmente cabellos e hilos, evitando alergias y que queden adheridos a tu ropa. - Simplificá el planchado: Actúan como separadores naturales, reduciendo enredos y arrugas para que tu ropa salga del lavarropas lista para usar o con mínimo esfuerzo. - Invertí en durabilidad y cuidado del ambiente: Fabricadas con materiales resistentes y reutilizables, te acompañarán lavado tras lavado, cuidando tus prendas y tu bolsillo. - Aptas para lavarropas y secadoras: Optimizan el secado al mejorar la circulación de aire, reduciendo el tiempo y el consumo energético. Ideales para el día a día en cualquier hogar, especialmente si tenés mascotas. Son compatibles con todo tipo de lavarropas y secadoras sin dañar tus prendas. Sumalas a tu rutina y transformá el cuidado de tu ropa hoy mismo.",in stock,new,4000.00 ARS,,https://elgadget.com.ar/producto/bolas-atrapa-pelos-lavarropas-reutilizables-x4-anti-enredos-y-pelusas-dl2349/,https://res.cloudinary.com/deq2ofluf/image/upload/prod_DL2349_001,"https://res.cloudinary.com/deq2ofluf/image/upload/prod_DL2349_002,https://res.cloudinary.com/deq2ofluf/image/upload/prod_DL2349_003,https://res.cloudinary.com/deq2ofluf/image/upload/prod_DL2349_004,https://res.cloudinary.com/deq2ofluf/image/upload/prod_DL2349_005,https://res.cloudinary.com/deq2ofluf/image/upload/prod_DL2349_006,https://res.cloudinary.com/deq2ofluf/image/upload/prod_DL2349_007",El Gadget,OFERTAS,
DL2366-L,Corrector Postura Faja Soporte Lumbar Talle L alivia tu espalda,"El Corrector de Postura de El Gadget es un soporte tipo mochila que, mientras lo usás, ejerce una presión suave para llevar los hombros hacia atrás y dar soporte lumbar: un apoyo útil si pasás horas frente a la compu o de pie y terminás encorvado. Qué esperar, con honestidad: sirve como RECORDATORIO y alivio de la tensión mientras lo tenés puesto. No endereza la espalda ni elimina la joroba de forma permanente por sí solo: eso se logra fortaleciendo los músculos, corrigiendo la ergonomía y haciendo pausas para moverte. Usalo como ayuda temporal junto con esos hábitos; el uso pasivo y excesivo puede volver más perezosos a los músculos posturales. Ante dolor persistente, consultá con un profesional. Materiales livianos y respirables para llevarlo con discreción bajo la ropa. Ajuste con bandas elásticas de abrojo, unisex.",in stock,new,11500.00 ARS,,https://elgadget.com.ar/producto/corrector-postura-faja-soporte-lumbar-talle-l-alivia-tu-espalda-dl2366-l/,https://res.cloudinary.com/deq2ofluf/image/upload/prod_DL2366-L_001,"https://res.cloudinary.com/deq2ofluf/image/upload/prod_DL2366-L_002,https://res.cloudinary.com/deq2ofluf/image/upload/prod_DL2366-L_003,https://res.cloudinary.com/deq2ofluf/image/upload/prod_DL2366-L_004,https://res.cloudinary.com/deq2ofluf/image/upload/prod_DL2366-L_005,https://res.cloudinary.com/deq2ofluf/image/upload/prod_DL2366-L_006,https://res.cloudinary.com/deq2ofluf/image/upload/prod_DL2366-L_007,https://res.cloudinary.com/deq2ofluf/image/upload/prod_DL2366-L_008,https://res.cloudinary.com/deq2ofluf/image/upload/prod_DL2366-L_009,https://res.cloudinary.com/deq2ofluf/image/upload/prod_DL2366-L_010",El Gadget,OFERTAS,
DL2366-M,Corrector de Postura Faja Soporte Lumbar Talle M – Alivio y Confort,"El Corrector de Postura de El Gadget es un soporte tipo mochila que, mientras lo usás, ejerce una presión suave para llevar los hombros hacia atrás y dar soporte lumbar: un apoyo útil si pasás horas frente a la compu o de pie y terminás encorvado. Qué esperar, con honestidad: sirve como RECORDATORIO y alivio de la tensión mientras lo tenés puesto. No endereza la espalda ni elimina la joroba de forma permanente por sí solo: eso se logra fortaleciendo los músculos, corrigiendo la ergonomía y haciendo pausas para moverte. Usalo como ayuda temporal junto con esos hábitos; el uso pasivo y excesivo puede volver más perezosos a los músculos posturales. Ante dolor persistente, consultá con un profesional. Materiales livianos y respirables para llevarlo con discreción bajo la ropa. Ajuste con bandas elásticas de abrojo, unisex.",in stock,new,11500.00 ARS,,https://elgadget.com.ar/producto/corrector-de-postura-faja-soporte-lumbar-talle-m-alivio-y-confort-dl2366-m/,https://res.cloudinary.com/deq2ofluf/image/upload/prod_DL2366-M_001,"https://res.cloudinary.com/deq2ofluf/image/upload/prod_DL2366-M_002,https://res.cloudinary.com/deq2ofluf/image/upload/prod_DL2366-M_003,https://res.cloudinary.com/deq2ofluf/image/upload/prod_DL2366-M_004,https://res.cloudinary.com/deq2ofluf/image/upload/prod_DL2366-M_005,https://res.cloudinary.com/deq2ofluf/image/upload/prod_DL2366-M_006,https://res.cloudinary.com/deq2ofluf/image/upload/prod_DL2366-M_007,https://res.cloudinary.com/deq2ofluf/image/upload/prod_DL2366-M_008,https://res.cloudinary.com/deq2ofluf/image/upload/prod_DL2366-M_009,https://res.cloudinary.com/deq2ofluf/image/upload/prod_DL2366-M_010",El Gadget,OFERTAS,
DL2370,Set 5 Fundas Ropa 140cm Colgantes Anti Polillas y Humedad,"Olvidate de la ropa arrugada, con polvo o malos olores. Este set de 5 fundas protectoras colgantes es la solución para mantener tu vestuario impecable y organizado en tu placard. - Ahorrá tiempo: su diseño traslúcido te permite encontrar al instante esa prenda que buscás, sin necesidad de abrir ni desordenar. - Protección total: el cierre frontal suave y resistente, junto al material PEVA, blindan tus prendas contra polvo, humedad, polillas y olores externos. - Siempre impecable: conservá trajes, sacos, camisas y camperas sin arrugas, optimizando el espacio en tu ropero y extendiendo la vida útil de cada pieza. - Material de calidad: fabricadas en PEVA ecológico, impermeable y resistente, estas fundas son reutilizables y fáciles de limpiar a mano. Ideales para ropa de temporada o uso diario. Con 60x140cm, cada prenda (hasta 130cm de largo) estará cuidada, desde trajes a camperas. ¡Dale a tu ropa el cuidado que merece y disfrutá un placard ordenado! Sumalas a tu carrito.",in stock,new,52000.00 ARS,,https://elgadget.com.ar/producto/set-5-fundas-ropa-140cm-colgantes-anti-polillas-y-humedad-dl2370/,https://res.cloudinary.com/deq2ofluf/image/upload/prod_DL2370_001,"https://res.cloudinary.com/deq2ofluf/image/upload/prod_DL2370_002,https://res.cloudinary.com/deq2ofluf/image/upload/prod_DL2370_003,https://res.cloudinary.com/deq2ofluf/image/upload/prod_DL2370_004,https://res.cloudinary.com/deq2ofluf/image/upload/prod_DL2370_005,https://res.cloudinary.com/deq2ofluf/image/upload/prod_DL2370_006",El Gadget,OFERTAS,
DL2371,Set x5 fundas colgantes ropa 60x120cm - protección anti polvo y arrugas,"Cansado de ver tu ropa arrugada o llena de polvo? Este set de 5 fundas protectoras colgantes es la solución definitiva para mantener tu vestuario impecable, organizado y completamente protegido. Son perfectas para resguardar prendas de uso diario o de estación, evitando el deterioro y asegurando que tus conjuntos estén siempre listos para usar. - Encontrá al instante lo que buscás: su diseño traslúcido te permite ver el contenido sin necesidad de abrir, optimizando tu tiempo y el orden del placard. - Máxima protección y durabilidad: el material PEVA de alta calidad es ecológico, impermeable y semi-transpirable, cuidando tus prendas del polvo, humedad, polillas y olores. - Cierre seguro y resistente: con una cremallera frontal suave y reforzada, guardar tus trajes, camperas o abrigos es simple y efectivo, garantizando un sellado perfecto. - Adiós a las arrugas: al mantener la ropa estirada y alineada en el perchero, evitan las arrugas y optimizan el espacio de colgado. Ideales para cualquier prenda de hasta 110 cm de largo. Estas fundas son ideales para proteger tus prendas más valiosas, desde trajes elegantes hasta camperas de cuero, sacos y blusas, asegurando que siempre estén impecables. Transformá la organización de tu placard, olvidate de las polillas y el polvo. ¡Sumalas a tu carrito y disfrutá de un guardarropa siempre listo!",in stock,new,42500.00 ARS,,https://elgadget.com.ar/producto/set-x5-fundas-colgantes-ropa-60x120cm-proteccion-anti-polvo-y-arrugas-dl2371/,https://res.cloudinary.com/deq2ofluf/image/upload/prod_DL2371_001,"https://res.cloudinary.com/deq2ofluf/image/upload/prod_DL2371_002,https://res.cloudinary.com/deq2ofluf/image/upload/prod_DL2371_003,https://res.cloudinary.com/deq2ofluf/image/upload/prod_DL2371_004,https://res.cloudinary.com/deq2ofluf/image/upload/prod_DL2371_005,https://res.cloudinary.com/deq2ofluf/image/upload/prod_DL2371_006",El Gadget,OFERTAS,
DL2372,Funda X5 Porta Traje y Camperas 100cm - Ropa impecable y protegida,"Olvidate de la ropa arrugada, sucia o con olores. Este set de 5 fundas protectoras es la solución ideal para mantener tus prendas impecables y organizadas en el placard, extendiendo su vida útil. - Identificá tus prendas al instante: su diseño traslúcido te permite ver qué hay dentro sin abrir la funda, y el cierre frontal resistente facilita el acceso a tu vestuario. - Máxima protección garantizada: resguarda tu ropa de polvo, humedad, polillas y olores externos, manteniéndola siempre fresca y lista para usar en cualquier momento. - Optimiza el espacio y decile chau a las arrugas: con sus 60x100cm, son perfectas para trajes, camperas, sacos y blusas, manteniendo tus conjuntos estirados y ordenados en el perchero. - Calidad que dura: hechas de PEVA de alta calidad, son impermeables, ecológicas y reutilizables, pensadas para proteger tu guardarropa por mucho tiempo. Ideal para el día a día o para guardar ropa de estación y prendas más delicadas. No dejes que tus favoritas se deterioren, sumá este práctico set de fundas a tu carrito hoy mismo y disfrutá de un placard siempre impecable.",in stock,new,40500.00 ARS,,https://elgadget.com.ar/producto/funda-x5-porta-traje-y-camperas-100cm-ropa-impecable-y-protegida-dl2372/,https://res.cloudinary.com/deq2ofluf/image/upload/prod_DL2372_001,"https://res.cloudinary.com/deq2ofluf/image/upload/prod_DL2372_002,https://res.cloudinary.com/deq2ofluf/image/upload/prod_DL2372_003,https://res.cloudinary.com/deq2ofluf/image/upload/prod_DL2372_004,https://res.cloudinary.com/deq2ofluf/image/upload/prod_DL2372_005,https://res.cloudinary.com/deq2ofluf/image/upload/prod_DL2372_006",El Gadget,OFERTAS,
DL2373,Funda Porta Trajes y Ropa 60x80cm - Set 4 Unidades Protección,"¿Cansado de ver tu ropa favorita arrugada o llena de polvo? Este set de 4 fundas protectoras es la solución ideal para mantener tu vestuario impecable y organizado en el placard, siempre listo. Protegé tus prendas del día a día o de temporada con la máxima eficiencia. Este set te ofrece la tranquilidad de un guardarropa cuidado y en perfectas condiciones. Protegé tus inversiones de moda y disfrutá de un placard ordenado sin esfuerzo. No más preocupaciones por polillas o humedad. Estas fundas son la elección inteligente para cuidar tu ropa. Protegé tus inversiones de moda y disfrutá de un placard ordenado sin esfuerzo. No más preocupaciones por polillas o humedad. Estas fundas son la elección inteligente para cuidar tu ropa. No permitas que tus prendas favoritas se deterioren. Dale a tu placard la organización que necesita y disfrutá de un vestuario siempre perfecto. Sumá este set de fundas porta-ropa a tu carrito hoy mismo.",in stock,new,37500.00 ARS,,https://elgadget.com.ar/producto/funda-porta-trajes-y-ropa-60x80cm-set-4-unidades-proteccion-dl2373/,https://res.cloudinary.com/deq2ofluf/image/upload/prod_DL2373_001,"https://res.cloudinary.com/deq2ofluf/image/upload/prod_DL2373_002,https://res.cloudinary.com/deq2ofluf/image/upload/prod_DL2373_003,https://res.cloudinary.com/deq2ofluf/image/upload/prod_DL2373_004,https://res.cloudinary.com/deq2ofluf/image/upload/prod_DL2373_005,https://res.cloudinary.com/deq2ofluf/image/upload/prod_DL2373_006,https://res.cloudinary.com/deq2ofluf/image/upload/prod_DL2373_007",El Gadget,OFERTAS,
DL2392,Espejos 360 grados para bici y monopatín pack x2,"Movéte por la ciudad con total tranquilidad y seguridad. Este set de dos espejos retrovisores es tu aliado indispensable para una visión clara de todo tu entorno en bici, monopatín o scooter. - Visión 360° personalizada: Ajustá el ángulo exacto para tu posición y mantené el control de lo que pasa a tu alrededor, sin puntos ciegos. - Máxima durabilidad: Disfrutá de una imagen nítida, resistente a impactos, agua y rayos UV, con una estructura robusta que soporta las vibraciones del camino. - Instalación sencilla y universal: Colocalo en segundos sin herramientas en tu bicicleta, monopatín o scooter. Compatible con la mayoría de manubrios y rodados urbanos, incluyendo motos de baja cilindrada. - Pack doble de seguridad: Recibí dos espejos articulados negros, listos para equipar tu rodado y ampliar tu campo visual. No arriesgues tu seguridad. Este pack te da la confianza para circular con tranquilidad y control visual. Sumalos a tu carrito y equipate para la calle hoy mismo.",in stock,new,15000.00 ARS,,https://elgadget.com.ar/producto/espejos-360-grados-para-bici-y-monopatin-pack-x2-dl2392/,https://res.cloudinary.com/deq2ofluf/image/upload/prod_DL2392_001,"https://res.cloudinary.com/deq2ofluf/image/upload/prod_DL2392_002,https://res.cloudinary.com/deq2ofluf/image/upload/prod_DL2392_003,https://res.cloudinary.com/deq2ofluf/image/upload/prod_DL2392_004,https://res.cloudinary.com/deq2ofluf/image/upload/prod_DL2392_005,https://res.cloudinary.com/deq2ofluf/image/upload/prod_DL2392_006,https://res.cloudinary.com/deq2ofluf/image/upload/prod_DL2392_007,https://res.cloudinary.com/deq2ofluf/image/upload/prod_DL2392_008",El Gadget,OFERTAS,
DWH0255,Dispenser Jabón Líquido con Forma de Oso 250ml para Niños,"Transformá la rutina de lavado de manos en casa con este divertido dispenser de jabón líquido con forma de oso. Ideal para animar a los más chicos a mantener la higiene de forma alegre y sencilla, sumando un toque especial a tu baño o cocina. - Divertite lavando manos: Su forma de oso, súper linda y divertida, convierte la rutina de higiene en un momento esperado por los chicos, fomentando hábitos saludables con una sonrisa. - Calidad y durabilidad: Fabricado con materiales premium PP y PE, este dispenser de jabón espumoso es resistente, portátil y está pensado para acompañarte mucho tiempo en tu hogar. - Gran capacidad y recargable: Con 250ml, es ideal para jabón líquido, champú, acondicionador, lavado facial o gel de baño. Olvidate de rellenar seguido y usalo con confianza en todo tipo de productos líquidos. - Fácil de usar: Su diseño con bomba a presión garantiza una dosificación cómoda y sin esfuerzo, perfecta para manos pequeñas y grandes, evitando derrames. Más que un simple dispenser para el baño o la cocina, es un toque de alegría y funcionalidad para tu hogar. Asegurá diversión y limpieza para toda la familia. ¡Sumalo a tu carrito hoy y dale a tu casa un gadget con mucho onda!",in stock,new,28000.00 ARS,,https://elgadget.com.ar/producto/dispenser-jabon-liquido-con-forma-de-oso-250ml-para-ninos-dwh0255/,https://res.cloudinary.com/deq2ofluf/image/upload/prod_DWH0255_001,"https://res.cloudinary.com/deq2ofluf/image/upload/prod_DWH0255_002,https://res.cloudinary.com/deq2ofluf/image/upload/prod_DWH0255_003,https://res.cloudinary.com/deq2ofluf/image/upload/prod_DWH0255_004,https://res.cloudinary.com/deq2ofluf/image/upload/prod_DWH0255_005,https://res.cloudinary.com/deq2ofluf/image/upload/prod_DWH0255_006,https://res.cloudinary.com/deq2ofluf/image/upload/prod_DWH0255_007,https://res.cloudinary.com/deq2ofluf/image/upload/prod_DWH0255_008",El Gadget,Bazar y Cocina,
G-BEERPINTS,"Vaso Térmico Tumbler 1200ml con Agarre, Tapa y Sorbete","Llevá tus bebidas preferidas a todas partes y disfrutalas siempre a la temperatura ideal. Este vaso térmico de 1200ml es tu compañero perfecto para hidratarte durante todo el día, ya sea con agua, café o tu infusión favorita. - Capacidad de 1200ml: Olvidate de recargar a cada rato. Disfrutá de tu bebida por horas y mantenete hidratado sin interrupciones. - Doble pared aislante y recubrimiento POWDER COATED: Mantiene tus bebidas frías por más tiempo en verano y calientes en invierno, con un acabado resistente y un agarre seguro. - Tapa hermética a rosca con sorbete rebatible: Evitá derrames y bebí cómodamente en cualquier situación, ideal para el auto, la oficina o tus salidas. - Manija de sistema desmontable: Llevalo con total facilidad adonde vayas, adaptándose a tu rutina y estilo de vida. Ideal para tu rutina diaria, el trabajo, el gimnasio o tus aventuras. Este práctico vaso térmico combina estilo y funcionalidad, siendo el gadget perfecto para vos o para regalar. No esperes más para disfrutar de la comodidad y el diseño que te ofrece. Sumalo a tu carrito hoy mismo y transformá tu forma de hidratarte con este esencial de bazar y cocina.",in stock,new,83000.00 ARS,,https://elgadget.com.ar/producto/vaso-termico-tumbler-1200ml-con-agarre-tapa-y-sorbete-g-beerpints/,https://res.cloudinary.com/deq2ofluf/image/upload/prod_G-BEERPINTS_001,"https://res.cloudinary.com/deq2ofluf/image/upload/prod_G-BEERPINTS_002,https://res.cloudinary.com/deq2ofluf/image/upload/prod_G-BEERPINTS_003,https://res.cloudinary.com/deq2ofluf/image/upload/prod_G-BEERPINTS_004,https://res.cloudinary.com/deq2ofluf/image/upload/prod_G-BEERPINTS_005,https://res.cloudinary.com/deq2ofluf/image/upload/prod_G-BEERPINTS_006,https://res.cloudinary.com/deq2ofluf/image/upload/prod_G-BEERPINTS_007,https://res.cloudinary.com/deq2ofluf/image/upload/prod_G-BEERPINTS_008,https://res.cloudinary.com/deq2ofluf/image/upload/prod_G-BEERPINTS_009,https://res.cloudinary.com/deq2ofluf/image/upload/prod_G-BEERPINTS_010,https://res.cloudinary.com/deq2ofluf/image/upload/prod_G-BEERPINTS_011,https://res.cloudinary.com/deq2ofluf/image/upload/prod_G-BEERPINTS_012,https://res.cloudinary.com/deq2ofluf/image/upload/prod_G-BEERPINTS_013,https://res.cloudinary.com/deq2ofluf/image/upload/prod_G-BEERPINTS_014,https://res.cloudinary.com/deq2ofluf/image/upload/prod_G-BEERPINTS_015,https://res.cloudinary.com/deq2ofluf/image/upload/prod_G-BEERPINTS_016,https://res.cloudinary.com/deq2ofluf/image/upload/prod_G-BEERPINTS_017,https://res.cloudinary.com/deq2ofluf/image/upload/prod_G-BEERPINTS_018,https://res.cloudinary.com/deq2ofluf/image/upload/prod_G-BEERPINTS_019,https://res.cloudinary.com/deq2ofluf/image/upload/prod_G-BEERPINTS_020,https://res.cloudinary.com/deq2ofluf/image/upload/prod_G-BEERPINTS_021",El Gadget,Bazar y Cocina,
G-TERMOTAPAMADE,Botella Térmica Acero Inoxidable 400ml Frío y Calor por Horas,"Llevá tus bebidas preferidas siempre a la temperatura ideal con esta botella térmica de 400ml. Perfecta para el día a día, mantiene el frío y el calor por horas en cualquier momento y lugar. - Ideal para tu porción individual de café, té o agua, compacta para llevarla donde quieras en tu cartera o mochila. - Tapa a rosca con diseño simil madera: un toque de estilo y un cierre seguro para evitar derrames indeseados. - Incluye filtro de malla metálica: disfrutá de infusiones o mate cocido sin restos, con la mejor experiencia de sabor. - Fabricada en acero inoxidable SUS 304 con recubrimiento de PP y base antideslizante de silicona: máxima durabilidad, higiene y estabilidad en cualquier superficie. - Mantiene tus bebidas calientes hasta por 5 horas y frías hasta 10 horas: disfrutá de tu bebida perfecta en todo momento. No importa si vas al trabajo, al gimnasio o simplemente querés disfrutar de tu bebida en casa, esta botella es tu compañera ideal. Olvidate de las bebidas tibias y sumala hoy a tu carrito para disfrutar de la practicidad y el estilo.",in stock,new,37500.00 ARS,,https://elgadget.com.ar/producto/botella-termica-acero-inoxidable-400ml-frio-y-calor-por-horas-g-termotapamade/,https://res.cloudinary.com/deq2ofluf/image/upload/prod_G-TERMOTAPAMADE_001,"https://res.cloudinary.com/deq2ofluf/image/upload/prod_G-TERMOTAPAMADE_002,https://res.cloudinary.com/deq2ofluf/image/upload/prod_G-TERMOTAPAMADE_003,https://res.cloudinary.com/deq2ofluf/image/upload/prod_G-TERMOTAPAMADE_004,https://res.cloudinary.com/deq2ofluf/image/upload/prod_G-TERMOTAPAMADE_005,https://res.cloudinary.com/deq2ofluf/image/upload/prod_G-TERMOTAPAMADE_006,https://res.cloudinary.com/deq2ofluf/image/upload/prod_G-TERMOTAPAMADE_007,https://res.cloudinary.com/deq2ofluf/image/upload/prod_G-TERMOTAPAMADE_008,https://res.cloudinary.com/deq2ofluf/image/upload/prod_G-TERMOTAPAMADE_009,https://res.cloudinary.com/deq2ofluf/image/upload/prod_G-TERMOTAPAMADE_010,https://res.cloudinary.com/deq2ofluf/image/upload/prod_G-TERMOTAPAMADE_011,https://res.cloudinary.com/deq2ofluf/image/upload/prod_G-TERMOTAPAMADE_012,https://res.cloudinary.com/deq2ofluf/image/upload/prod_G-TERMOTAPAMADE_013,https://res.cloudinary.com/deq2ofluf/image/upload/prod_G-TERMOTAPAMADE_014,https://res.cloudinary.com/deq2ofluf/image/upload/prod_G-TERMOTAPAMADE_015",El Gadget,Bazar y Cocina,
G1396-002,Guantes Divertidos – 3 colores surtidos para sorprender,"Dale un toque único y alegre a tus días de frío con estos Guantes Divertidos. Ideales para quienes buscan salir de lo común y agregar personalidad a su estilo, o para ese regalo original que querés hacer sin fallar. - Expresá tu onda: Su diseño original y divertido realza cualquier look, dándole un toque único a tus manos. - Sorpresa garantizada: Recibí uno de los tres colores disponibles. ¡Ideal para quienes aman las sorpresas o para regalar sin preocuparse por elegir el tono exacto! - Variedad en tu armario: Con la opción de diferentes tonos, siempre tendrás un par que combine con tu estado de ánimo o atuendo. - Precio imperdible: Aprovechá esta oferta especial para sumar un accesorio funcional y lleno de personalidad a tu colección. No dejes pasar la oportunidad de tener unos guantes que te saquen una sonrisa cada día. Perfectos para vos o para alegrarle el día a alguien más. Sumalos a tu carrito y preparate para recibir una dosis de color y originalidad.",in stock,new,17500.00 ARS,,https://elgadget.com.ar/producto/guantes-divertidos-3-colores-surtidos-para-sorprender-g1396-002/,https://res.cloudinary.com/deq2ofluf/image/upload/prod_G1396-002_001,https://res.cloudinary.com/deq2ofluf/image/upload/prod_G1396-002_002,El Gadget,OFERTAS,
G1396-003,Guantes tejidos infantiles beige y rosa para manos abrigadas,"Protegé las manos de los más chicos del frío con estos guantes tejidos infantiles, ideales para mantenerlos calentitos y cómodos en cualquier actividad. Pensados para el día a día, son el accesorio perfecto para el invierno. - Tejido suave y confortable: Diseñados para cuidar la delicada piel de los niños, brindando calidez sin picazón ni molestias. - Talle perfecto para manitos pequeñas: Asegura un ajuste cómodo y seguro para que jueguen y se muevan con total libertad, sin que se les salgan. - Colores beige y rosa: Recibí una opción surtida entre estos tonos clásicos y fáciles de combinar, ¡una sorpresa ideal para cada día! - Abrigo garantizado: Ideales para los días más frescos, protegiendo las manos de tus hijos del frío mientras disfrutan al aire libre. Estos guantes para niños son el complemento esencial para el invierno de los chicos, ya sea para ir al cole, jugar en la plaza o simplemente mantener las manos calentitas en casa. ¡No dejes pasar esta oferta y sumalos a su guardarropa hoy mismo!",in stock,new,12500.00 ARS,,https://elgadget.com.ar/producto/guantes-tejidos-infantiles-beige-y-rosa-para-manos-abrigadas-g1396-003/,https://res.cloudinary.com/deq2ofluf/image/upload/prod_G1396-003_001,,El Gadget,OFERTAS,
L6129,Pack x 4 resaltadores surtidos de color para destacar tus ideas,"¿Querés que tus apuntes de estudio o tus documentos de trabajo sean más claros y fáciles de recordar? Con este pack de resaltadores surtidos de color, vas a poder organizar visualmente toda tu información de forma práctica y eficiente. Es la herramienta perfecta para destacar lo importante y hacer que tus ideas resalten. Un set completo de 4 resaltadores: tené siempre a mano la variedad de colores que necesitás para cada tarea, sin interrupciones. Colores surtidos vibrantes: identificá de un vistazo los datos clave, codificá tus textos y dale vida a tus notas para un mejor aprendizaje o gestión. Ideal para estudio y oficina: hacé tus resúmenes más efectivos, resaltá fechas importantes en tu agenda o subrayá información crucial en informes. Aprovechá esta oferta para sumar a tu escritorio un pack indispensable que te ayudará a mantener todo ordenado y visible. No dejes que la información se pierda. Este pack de resaltadores es el aliado perfecto para la facultad, el colegio o tu jornada laboral. ¡Hacé tu vida más organizada y tus ideas más visibles, sumalo hoy mismo a tu carrito!",in stock,new,13500.00 ARS,,https://elgadget.com.ar/producto/pack-x-4-resaltadores-surtidos-de-color-para-destacar-tus-ideas-l6129/,https://res.cloudinary.com/deq2ofluf/image/upload/prod_L6129_001,"https://res.cloudinary.com/deq2ofluf/image/upload/prod_L6129_002,https://res.cloudinary.com/deq2ofluf/image/upload/prod_L6129_003,https://res.cloudinary.com/deq2ofluf/image/upload/prod_L6129_004",El Gadget,OFERTAS,
L6130,Pack Resaltadores Surtidos x4 - Colores Vibrantes para Organizar,"Organizá tus ideas y destacá lo importante con este pack de resaltadores. Cuatro colores vibrantes para que tus apuntes y documentos cobren vida, haciendo tu estudio o trabajo mucho más eficiente y atractivo. Es el set ideal para darle un toque único a cada tarea. - Cuatro unidades que te garantizan variedad y durabilidad para todas tus tareas, sin quedarte a mitad de camino y siempre con el color justo a mano. - Colores surtidos que te permiten crear un sistema de codificación visual, ideal para estudiar, clasificar información o resaltar prioridades de forma efectiva y rápida. - Aprovechá nuestra oferta especial para equiparte con estos marcadores fluo de calidad al mejor precio y llevar tu organización al siguiente nivel sin gastar de más. Ya sea para el colegio, la facultad, la oficina o tus proyectos personales, este pack de resaltadores es el compañero perfecto. Sumale color a tus tareas diarias y no dejes pasar esta oportunidad. Hacelos tuyos hoy mismo y dale un toque especial a todo lo que resaltás.",in stock,new,13500.00 ARS,,https://elgadget.com.ar/producto/pack-resaltadores-surtidos-x4-colores-vibrantes-para-organizar-l6130/,https://res.cloudinary.com/deq2ofluf/image/upload/prod_L6130_001,"https://res.cloudinary.com/deq2ofluf/image/upload/prod_L6130_002,https://res.cloudinary.com/deq2ofluf/image/upload/prod_L6130_003",El Gadget,OFERTAS,
L6139,Mini Resaltadores Pastel Pack x6 para Apuntes y Estudio,"Dale un toque divertido y organizado a tus apuntes, estudios o trabajo con este pack de mini resaltadores pastel. Son perfectos para destacar lo importante con estilo y alegría. Este set incluye 6 resaltadores para que tengas una variedad de colores vibrantes y así organizar tus ideas o darle un toque único a cada proyecto. Sus tonos pastel transforman tus textos en algo prolijo y estético, sin saturar la vista, ideales para usar en la universidad, la oficina o para tu bullet journal. Gracias a su tamaño mini, son súper prácticos y portátiles. Llévalos siempre con vos, caben en cualquier cartuchera o bolsillo. Añadí diversión y un estilo único a tus tareas diarias, haciendo que el estudio y la organización sean mucho más amigables y creativos. No te pierdas esta oferta para transformar tu forma de estudiar o trabajar. Sumá estos resaltadores pastel a tu carrito hoy y dale un toque de color y eficiencia a tus días. Son un gadget ideal para estudiantes, profesionales o para regalar a cualquier amante de la papelería original.",in stock,new,29500.00 ARS,,https://elgadget.com.ar/producto/mini-resaltadores-pastel-pack-x6-para-apuntes-y-estudio-l6139/,https://res.cloudinary.com/deq2ofluf/image/upload/prod_L6139_001,"https://res.cloudinary.com/deq2ofluf/image/upload/prod_L6139_002,https://res.cloudinary.com/deq2ofluf/image/upload/prod_L6139_003,https://res.cloudinary.com/deq2ofluf/image/upload/prod_L6139_004",El Gadget,OFERTAS,
L6159,Anotador Pop It Redondo para Niños - Colores Surtidos,"Descubrí el Anotador Pop It, la combinación perfecta de diversión y utilidad para los más chicos. Este novedoso cuaderno no solo sirve para tomar notas, sino que también ofrece la relajante y adictiva experiencia sensorial de un Pop It, ideal para mantener la mente activa y las manos ocupadas. - Un cuaderno único que combina la funcionalidad de un anotador con la diversión antiestrés de un Pop It redondo, ¡dos en uno! - Perfecto para chicos: fomenta la creatividad para dibujar, escribir o hacer sus tareas escolares de una forma más entretenida. - Se envían colores surtidos: cada anotador es una sorpresa, ¡ideal para coleccionar o para que cada uno tenga su favorito! Dale a tus hijos, sobrinos o nietos un artículo infantil que amarán. Es el regalo original y funcional que estaban buscando para el día a día o como souvenir. Sumalo al carrito y preparate para la diversión.",in stock,new,7000.00 ARS,,https://elgadget.com.ar/producto/anotador-pop-it-redondo-para-ninos-colores-surtidos-l6159/,https://res.cloudinary.com/deq2ofluf/image/upload/prod_L6159_001,https://res.cloudinary.com/deq2ofluf/image/upload/prod_L6159_002,El Gadget,Artículos Infantiles,
L6167,Sacapuntas Astronauta Caja x 24 para Niños - Ideal Souvenir,"Dale un toque espacial a la vuelta al cole o a la hora de dibujar con este pack de sacapuntas Astronauta. Ideales para que los más chicos disfruten mientras mantienen sus lápices siempre listos. - Diseño exclusivo de astronauta: ¡Convierte una tarea diaria en una aventura intergaláctica para los niños! - Caja con 24 unidades: Perfecto para armar souvenirs en cumpleaños, para el aula o para tener siempre repuestos en casa. - Ideal para artículos infantiles: Pensados para las manos pequeñas y el uso frecuente, asegurando durabilidad y diversión. Ya sea para el jardín, la primaria o para regalar en una fiesta, estos sacapuntas son el detalle original que buscabas. Sumá diversión y funcionalidad al carrito y asegurate de tener stock para todas las aventuras.",in stock,new,149000.00 ARS,,https://elgadget.com.ar/producto/sacapuntas-astronauta-caja-x-24-para-ninos-ideal-souvenir-l6167/,https://res.cloudinary.com/deq2ofluf/image/upload/prod_L6167_001,https://res.cloudinary.com/deq2ofluf/image/upload/prod_L6167_002,El Gadget,Artículos Infantiles,
L6168,Bolígrafos Astronauta x24 unidades surtidas para chicos,"¿Buscás un regalo original o una forma divertida de incentivar la escritura? Descubrí nuestros Bolígrafos con Forma de Astronauta, ideales para chicos y fanáticos del espacio. Estos artículos infantiles no solo son prácticos, sino que también estimulan la imaginación. - Pack x24 unidades: ¡No te quedes sin stock! Ideal para cumpleaños, eventos escolares o para que los chicos compartan con amigos y usen como souvenirs. - Diseño de Astronauta: Sumale diversión a la hora de escribir. Su forma original es perfecta para los amantes del espacio y la aventura. - Colores surtidos: Cada pack trae una linda variedad para que puedan elegir su astronauta favorito o coleccionar todos los modelos. - Artículos infantiles que inspiran: Transformá la tarea en un viaje espacial. Estos bolígrafos son perfectos para el colegio, dibujar o simplemente jugar. Son el detalle perfecto para que la escritura sea siempre una aventura. ¡Sumá este increíble pack de lapiceras a tu carrito y sorprendé a los más chicos de la casa hoy!",in stock,new,134500.00 ARS,,https://elgadget.com.ar/producto/boligrafos-astronauta-x24-unidades-surtidas-para-chicos-l6168/,https://res.cloudinary.com/deq2ofluf/image/upload/prod_L6168_001,https://res.cloudinary.com/deq2ofluf/image/upload/prod_L6168_002,El Gadget,Artículos Infantiles,
L6169,Lapiceras dinosaurio infantiles caja x 36 unidades colores surtidos,"Dale un toque prehistórico y divertido a la escritura con estos bolígrafos de dinosaurio. Un pack irresistible para los más chicos, ideal para el colegio, tareas o simplemente para dejar volar la imaginación y la creatividad en cada trazo. Son las lapiceras perfectas para hacer de cada momento una aventura. - Pack de 36 unidades: ideal para compartir en cumples, como souvenir o para tener siempre a mano en casa o el aula, asegurando que la diversión nunca termine. - Diseño exclusivo de dinosaurios: cada bolígrafo convierte la escritura y el dibujo en una aventura lúdica, inspirando la imaginación de los niños. - Colores surtidos y vibrantes: cada caja es una sorpresa con variedad de tonos que alegran cualquier momento de escritura o creación artística infantil. Son el regalo perfecto para amantes de los dinosaurios o para animar cualquier actividad escolar. Dale a los chicos una herramienta divertida que los inspire a escribir y crear. ¡No te quedes sin esta caja x 36 unidades y sumala a tu carrito hoy mismo!",in stock,new,201500.00 ARS,,https://elgadget.com.ar/producto/lapiceras-dinosaurio-infantiles-caja-x-36-unidades-colores-surtidos-l6169/,https://res.cloudinary.com/deq2ofluf/image/upload/prod_L6169_001,https://res.cloudinary.com/deq2ofluf/image/upload/prod_L6169_002,El Gadget,Artículos Infantiles,
L6170,Sacapuntas Dinosaurios Surtidos Caja x24 para Fiestas y Colegios,"¿Buscás un toque de diversión para los útiles escolares o el cotillón de tu próxima fiesta? Descubrí la Caja de Sacapuntas Dinosaurios, ¡ideal para sorprender a los más chicos! Este set combina funcionalidad y fantasía para las manos más pequeñas. Ya no te quedes sin stock ni opciones. Este pack mayorista trae 24 sacapuntas, perfecto para organizar souvenirs de cumpleaños, equipar un aula o tener siempre a mano un detalle original para los chicos. Cada sacapuntas es una sorpresa: vienen con divertidos diseños de dinosaurios en colores surtidos, estimulando la imaginación y haciendo que afilar lápices sea un juego y no una obligación. Pensados especialmente para los reyes de la casa, son artículos infantiles prácticos y seguros para el uso diario en el colegio o en casa, facilitando la tarea de dibujar y escribir con punta perfecta. Animate a llevar alegría y funcionalidad con este set de sacapuntas temáticos. Son el regalo ideal para cualquier niño o el complemento perfecto para una fiesta infantil inolvidable. Sumalos a tu carrito y preparate para ver esas caras de asombro y diversión.",in stock,new,149000.00 ARS,,https://elgadget.com.ar/producto/sacapuntas-dinosaurios-surtidos-caja-x24-para-fiestas-y-colegios-l6170/,https://res.cloudinary.com/deq2ofluf/image/upload/prod_L6170_001,"https://res.cloudinary.com/deq2ofluf/image/upload/prod_L6170_002,https://res.cloudinary.com/deq2ofluf/image/upload/prod_L6170_003",El Gadget,Artículos Infantiles,
L6171,Set 48 bolígrafos dinosaurios surtidos para diversión infantil,"Sorprendé a los más chicos y llená de color cualquier escritorio con este mega set de 48 bolígrafos con forma de dinosaurio, perfectos para desatar la imaginación y hacer la escritura mucho más divertida. Ideales para la escuela, como regalo o para tener un stock original de artículos infantiles. - ¡48 unidades para la diversión que nunca termina! Tené siempre a mano lapiceras originales, ideales para compartir, usar como souvenirs en cumpleaños o para que cada chico elija su favorito. - Diseño de dinosaurio súper original que encanta a los peques, transformando cualquier nota, dibujo o tarea en una verdadera aventura jurásica. - Colores variados y surtidos para que la creatividad vuele alto y cada birome sea una pequeña sorpresa al usarla. No pierdas la oportunidad de agregar un toque jurásico lleno de color y fantasía a los útiles escolares o a cualquier colección de artículos infantiles. ¡Hacelo tuyo hoy y preparate para rugir de alegría!",in stock,new,268500.00 ARS,,https://elgadget.com.ar/producto/set-48-boligrafos-dinosaurios-surtidos-para-diversion-infantil-l6171/,https://res.cloudinary.com/deq2ofluf/image/upload/prod_L6171_001,"https://res.cloudinary.com/deq2ofluf/image/upload/prod_L6171_002,https://res.cloudinary.com/deq2ofluf/image/upload/prod_L6171_003,https://res.cloudinary.com/deq2ofluf/image/upload/prod_L6171_004",El Gadget,Artículos Infantiles,
M1365-001C,Cartera Bandolera Mini Bag Cuero Sintético Rígido con Pompón,"Llevá lo esencial con estilo y comodidad con esta mini cartera bandolera. Su diseño compacto y rígido te asegura un look impecable en cualquier ocasión, protegiendo tus pertenencias más valiosas. Pensada para la mujer moderna que busca practicidad sin resignar tendencia. - Diseño rígido y elegante: Mantiene su forma original para que tu mini bag siempre luzca impecable y sofisticada, combinando con todo tu guardarropa. - Material duradero y suave: Confeccionada en cuero sintético de alta calidad, resistente al uso diario y con un tacto agradable al tacto. - Correa regulable y desmontable: Llevála al hombro o cruzada con total comodidad, adaptándola a tu altura y estilo para cada ocasión. - Interior forrado y protegido: Tus objetos personales como el celular, llaves y billetera estarán seguros y organizados gracias a su forrería completa. - Pompón chic y herrajes metálicos: Un toque distintivo y femenino para tu bandolera, con ganchos y hebillas plateadas que garantizan durabilidad y estilo. Ideal para tu día a día o para esa salida especial, esta mini cartera bandolera es el toque final que buscás. Elegí entre sus colores disponibles y añadí estilo y funcionalidad a tu colección de accesorios. Hacela tuya hoy y lucí un look impecable.",in stock,new,44000.00 ARS,,https://elgadget.com.ar/producto/cartera-bandolera-mini-bag-cuero-sintetico-rigido-con-pompon-m1365-001c/,https://res.cloudinary.com/deq2ofluf/image/upload/prod_M1365-001C_001,"https://res.cloudinary.com/deq2ofluf/image/upload/prod_M1365-001C_002,https://res.cloudinary.com/deq2ofluf/image/upload/prod_M1365-001C_003,https://res.cloudinary.com/deq2ofluf/image/upload/prod_M1365-001C_004",El Gadget,Accesorios de Moda,
M1365-001D,Mini Bag Bandolera Bordó Cuero Sintético Pompón Elegante,"Descubrí la Mini Bag Cartera Bandolera Bordó, el accesorio ideal para realzar tu estilo. Su diseño moderno y compacto combina funcionalidad con un toque de sofisticación, perfecto para el día a día o una salida especial. - Confeccionada en cuero sintético de textura suave y acabado mate, es súper resistente al uso diario y mantiene su forma impecable gracias a su cuerpo rígido. - Llevá lo esencial protegido: su forrería interna completa cuida tu celular, llaves o billetera, dándote tranquilidad en cada salida. - Personalizá tu look: la correa larga es regulable con hebilla metálica y desmontable con ganchos mosquetón, adaptándose a cada ocasión y a tu altura. - Destacate con estilo: el pompón de piel sintética le suma un detalle femenino y distintivo que no pasa desapercibido. Esta cartera bandolera es la compañera perfecta para la mujer argentina que busca practicidad y elegancia sin esfuerzo. Sumala a tu colección y realzá cada outfit con un toque único.",in stock,new,44000.00 ARS,,https://elgadget.com.ar/producto/mini-bag-bandolera-bordo-cuero-sintetico-pompon-elegante-m1365-001d/,https://res.cloudinary.com/deq2ofluf/image/upload/prod_M1365-001D_001,"https://res.cloudinary.com/deq2ofluf/image/upload/prod_M1365-001D_002,https://res.cloudinary.com/deq2ofluf/image/upload/prod_M1365-001D_003,https://res.cloudinary.com/deq2ofluf/image/upload/prod_M1365-001D_004,https://res.cloudinary.com/deq2ofluf/image/upload/prod_M1365-001D_005",El Gadget,Accesorios de Moda,
M2013-004A,Cartera Sobre Mujer Transparente Lentejuelas Rosa Fiestas,"Llevá lo esencial con estilo y un toque de brillo con esta cartera sobre transparente para mujer. Es el accesorio de moda perfecto para quienes buscan destacar, ideal para salir y causar impacto. - Mostrá tu estilo sin perder de vista nada: su diseño transparente y materiales de alta resistencia (PVC y PU) te permiten encontrar lo esencial al instante y con facilidad. - Dale un toque único a cada outfit: las lentejuelas móviles en su interior, disponibles en plateado o corazones multicolor, crean un efecto de brillo y movimiento que capta todas las miradas. - Seguridad y color vibrante: su cierre superior reforzado en rosa protege tus pertenencias con un toque de diseño chic y funcional. - Práctica y versátil: incluye una correa de mano desmontable en PU rosa con mosquetón metálico para que la uses como más te convenga. Esta mini cartera es el complemento ideal para esa salida especial, una fiesta o simplemente para realzar tu look diario con un toque audaz y moderno. Su diseño y resistencia te acompañarán en cada momento. Sumala a tu colección de accesorios y brillá con estilo.",in stock,new,23500.00 ARS,,https://elgadget.com.ar/producto/cartera-sobre-mujer-transparente-lentejuelas-rosa-fiestas-m2013-004a/,https://res.cloudinary.com/deq2ofluf/image/upload/prod_M2013-004A_001,"https://res.cloudinary.com/deq2ofluf/image/upload/prod_M2013-004A_002,https://res.cloudinary.com/deq2ofluf/image/upload/prod_M2013-004A_003,https://res.cloudinary.com/deq2ofluf/image/upload/prod_M2013-004A_004,https://res.cloudinary.com/deq2ofluf/image/upload/prod_M2013-004A_005,https://res.cloudinary.com/deq2ofluf/image/upload/prod_M2013-004A_006,https://res.cloudinary.com/deq2ofluf/image/upload/prod_M2013-004A_007,https://res.cloudinary.com/deq2ofluf/image/upload/prod_M2013-004A_008",El Gadget,Accesorios de Moda,
M2013-004B,Cartera Sobre Mujer Transparente con Lentejuelas Plateadas Rosa,"Dale un toque de brillo y originalidad a tus looks con esta cartera sobre transparente, el accesorio de moda ideal para llevar lo esencial con estilo y personalidad. Fabricada en PVC de alta resistencia y detalles en PU, esta cartera te asegura durabilidad y un estilo súper moderno que resiste el ritmo de tu día a día. Las lentejuelas móviles en su interior le dan un toque de brillo único, haciendo que tu sobre no pase desapercibido y capturando todas las miradas. Su cierre con cremallera reforzada en color rosa no solo es seguro para tus pertenencias, sino que además complementa el diseño con un toque chic. Llevala cómoda en la mano gracias a su correa desmontable de PU rosa, que te permite tener tus imprescindibles siempre a mano y con total libertad. Perfecta para realzar tus looks de noche o para sumar un toque divertido en cualquier salida. ¡No te quedes sin la tuya y sumala a tu colección de accesorios hoy mismo!",in stock,new,23500.00 ARS,,https://elgadget.com.ar/producto/cartera-sobre-mujer-transparente-con-lentejuelas-plateadas-rosa-m2013-004b/,https://res.cloudinary.com/deq2ofluf/image/upload/prod_M2013-004B_001,"https://res.cloudinary.com/deq2ofluf/image/upload/prod_M2013-004B_002,https://res.cloudinary.com/deq2ofluf/image/upload/prod_M2013-004B_003,https://res.cloudinary.com/deq2ofluf/image/upload/prod_M2013-004B_004,https://res.cloudinary.com/deq2ofluf/image/upload/prod_M2013-004B_005,https://res.cloudinary.com/deq2ofluf/image/upload/prod_M2013-004B_006",El Gadget,Accesorios de Moda,
M2028-001B,Mochila Bolso Morral PU Mujer Sport Chic Estampada Versátil,"¿Buscás un accesorio que te acompañe en todo tu día con estilo y comodidad? Esta mochila bolso morral sport chic estampada es la compañera perfecta para la mujer moderna argentina. - Estilo y Personalidad: Su diseño sport chic con estampados exclusivos te permite lucir única y a la moda, elevando cualquier outfit urbano o casual. - Doble Función, Máxima Comodidad: Usala como mochila para tener las manos libres o como morral cruzado para un look más chic. ¡Se adapta a tu ritmo! - Resistente y Fácil de Mantener: Fabricada en poliuretano (PU) de alta calidad, es suave al tacto, duradera y se limpia en un segundo para que esté siempre impecable. - Tamaño Ideal para Tus Esenciales: Con sus medidas de 20.5x17x9 cm, esta mochila mediana es perfecta para llevar lo indispensable de forma organizada, sin ser un estorbo. - Seguridad y Practicidad: Cuenta con un compartimiento principal de fácil acceso y cierre reforzado, manteniendo tus pertenencias seguras en todo momento. Ideal para tus paseos, viajes cortos o el día a día en la ciudad. Sumá practicidad y un toque distintivo a tu look con este accesorio de moda; ¡hacela tuya hoy y marcá tendencia!",in stock,new,34000.00 ARS,,https://elgadget.com.ar/producto/mochila-bolso-morral-pu-mujer-sport-chic-estampada-versatil-m2028-001b/,https://res.cloudinary.com/deq2ofluf/image/upload/prod_M2028-001B_001,"https://res.cloudinary.com/deq2ofluf/image/upload/prod_M2028-001B_002,https://res.cloudinary.com/deq2ofluf/image/upload/prod_M2028-001B_003,https://res.cloudinary.com/deq2ofluf/image/upload/prod_M2028-001B_004",El Gadget,Accesorios de Moda,
M2028-001C,Mochila Bolso Mujer Sport Chic Estampada PU - Versátil y Liviana,"Esta mochila bolso para mujer combina lo mejor de dos mundos: la practicidad que necesitás a diario y el estilo sport chic más actual. Perfecta para quienes buscan un accesorio de moda que se adapte a cada momento y realce su look. - Olvidate de preocupaciones. Fabricada en poliuretano (PU) de alta calidad, tu mochila es resistente, suave al tacto y se limpia en un minuto, manteniendo su look impecable. - Dale un toque único a tu outfit. Sus estampados exclusivos y el diseño sport chic te aseguran destacarte con personalidad en cualquier ocasión, ya sea en paseos o en tu rutina. - Llevála como quieras. Sus correas ajustables permiten usarla cómodamente como mochila o cruzada tipo morral, adaptándose a tu ritmo y a diferentes estilos. - Todo lo esencial organizado y a mano. Su tamaño mediano es ideal para tus objetos principales, manteniéndolos seguros y accesibles gracias a su compartimiento principal con cierre reforzado. No esperes más para sumar este accesorio de moda indispensable a tu guardarropa. Ideal para tu rutina, una salida con amigas o escapadas, esta mochila bolso te ofrece estilo y funcionalidad sin igual. Hacela tuya hoy y viví la comodidad de un diseño pensado para vos.",in stock,new,34000.00 ARS,,https://elgadget.com.ar/producto/mochila-bolso-mujer-sport-chic-estampada-pu-versatil-y-liviana-m2028-001c/,https://res.cloudinary.com/deq2ofluf/image/upload/prod_M2028-001C_001,"https://res.cloudinary.com/deq2ofluf/image/upload/prod_M2028-001C_002,https://res.cloudinary.com/deq2ofluf/image/upload/prod_M2028-001C_003,https://res.cloudinary.com/deq2ofluf/image/upload/prod_M2028-001C_004,https://res.cloudinary.com/deq2ofluf/image/upload/prod_M2028-001C_005",El Gadget,Accesorios de Moda,
M2028-001D,Mochila Bolso Mujer Mediana Estampado Hojas Sport Chic,"Esta mochila bolso es el accesorio perfecto para la mujer argentina que busca combinar estilo y funcionalidad en su día a día. Su diseño sport chic con estampado de hojas te permite llevar todo lo esencial con personalidad y comodidad. - Versatilidad total: Usala como mochila para tener las manos libres o cruzada tipo bolso, adaptándose a tu look y situación en cada momento. - Estilo único: Su diseño sport chic con exclusivos estampados de hojas le dará un toque distintivo a cualquier outfit, destacando tu personalidad. - Durabilidad y fácil cuidado: Confeccionada en poliuretano (PU) de alta calidad, es resistente, suave al tacto y se limpia fácilmente para acompañarte siempre. - Tamaño ideal y seguro: Mediana, liviana y con un compartimento principal de cierre reforzado, es perfecta para tus esenciales sin cargar peso extra. Ideal para paseos, viajes o tu rutina diaria, esta mochila morral es el accesorio clave que te faltaba. Hacela tuya hoy y disfrutá de la perfecta combinación entre moda y practicidad.",in stock,new,34000.00 ARS,,https://elgadget.com.ar/producto/mochila-bolso-mujer-mediana-estampado-hojas-sport-chic-m2028-001d/,https://res.cloudinary.com/deq2ofluf/image/upload/prod_M2028-001D_001,"https://res.cloudinary.com/deq2ofluf/image/upload/prod_M2028-001D_002,https://res.cloudinary.com/deq2ofluf/image/upload/prod_M2028-001D_003,https://res.cloudinary.com/deq2ofluf/image/upload/prod_M2028-001D_004",El Gadget,Accesorios de Moda,
M2028-001H,Mochila Urbana Mujer Sport Chic Estampada PU - Bolso Morral,"Dale un toque único a tu look diario con esta mochila urbana sport chic estampada. Diseñada para la mujer moderna que busca practicidad y estilo, es tu aliada ideal para llevar lo esencial con onda en cualquier momento. - Diseño 2 en 1: usala cómodamente como mochila para el día a día o transformala en un morral cruzado para un estilo más canchero y versátil. - Calidad asegurada: fabricada en poliuretano (PU) de alta calidad, es resistente, suave al tacto y súper fácil de mantener siempre impecable. - Estilo distintivo: sus estampados modernos y ese toque sport chic le dan una personalidad única a todos tus outfits, destacándote adonde vayas. - Espacio inteligente: tamaño mediano ideal para llevar tus imprescindibles organizados, como celular, billetera y llaves, sin sumar peso extra. Perfecta para tus paseos, salidas con amigas o el uso diario en la ciudad. Sumate a la tendencia con esta mochila o bolso morral que no puede faltar en tu guardarropa. ¡Hacela tuya hoy y viví la comodidad con un estilo que te representa!",in stock,new,34000.00 ARS,,https://elgadget.com.ar/producto/mochila-urbana-mujer-sport-chic-estampada-pu-bolso-morral-m2028-001h/,https://res.cloudinary.com/deq2ofluf/image/upload/prod_M2028-001H_001,"https://res.cloudinary.com/deq2ofluf/image/upload/prod_M2028-001H_002,https://res.cloudinary.com/deq2ofluf/image/upload/prod_M2028-001H_003,https://res.cloudinary.com/deq2ofluf/image/upload/prod_M2028-001H_004",El Gadget,Accesorios de Moda,
M2062-002,Bolso Bandolera Raffia Tejido Mujer Crochet | Verano y Estilo,"Llevate el estilo del verano a donde vayas con este bolso bandolera de raffia tejida, ideal para complementar tus looks diarios o lucirte en la playa. Fusiona la esencia artesanal del crochet con la funcionalidad que necesitás. - Su diseño en raffia tejida te da un look natural y playero único, perfecto para cualquier ocasión veraniega.- La correa regulable de PU (cuero sintético) te permite llevarlo cómodamente al hombro o cruzado, adaptándose a tu ritmo.- Tus objetos estarán seguros gracias a su cierre a cordón ajustable y el interior totalmente forrado.- ¡Elegí tu estilo! Optá por el modelo con pompones negros para un toque clásico y chic, o el de cerezas rojas para un look juvenil, vibrante y divertido.- Los elegantes herrajes dorados de la hebilla realzan su diseño y aportan un toque distintivo.Este accesorio de moda es el toque final que necesitás para tus outfits de verano, paseos o escapadas. Un bolso súper canchero y práctico que no puede faltar en tu colección de carteras. ¡Elegí el tuyo y hacelo parte de tu verano hoy!",in stock,new,62500.00 ARS,,https://elgadget.com.ar/producto/bolso-bandolera-raffia-tejido-mujer-crochet-verano-y-estilo-m2062-002/,https://res.cloudinary.com/deq2ofluf/image/upload/prod_M2062-002_001,"https://res.cloudinary.com/deq2ofluf/image/upload/prod_M2062-002_002,https://res.cloudinary.com/deq2ofluf/image/upload/prod_M2062-002_003,https://res.cloudinary.com/deq2ofluf/image/upload/prod_M2062-002_004,https://res.cloudinary.com/deq2ofluf/image/upload/prod_M2062-002_005",El Gadget,Accesorios de Moda,
M2062-004,Bolso Bandolera de Raffia Tejida con Pompones o Cerezas,"Descubrí el bolso de rafia bandolera que va a ser tu compañero ideal este verano. Un accesorio de moda tejido que combina estilo natural y comodidad para tus días de sol. - Sentite fresca y con estilo natural gracias a su confección en raffia tejida, perfecta para el verano. - Llevá tus esenciales con total comodidad y seguridad: su correa regulable de PU te permite usarlo al hombro o cruzado, liberando tus manos. - Protegé tus objetos personales con su cierre a cordón ajustable, manteniendo todo seguro mientras disfrutás tu día. - Cuidá tus pertenencias: el interior está totalmente forrado para mayor protección y durabilidad. - Elegí el modelo que mejor te representa: Pompones Negros para un look clásico, o Cerezas Rojas para un estilo vibrante y divertido. Ambos con elegantes herrajes dorados. Este bolso de rafia es la pieza clave para realzar tus looks de temporada, del paseo urbano a la playa. Sumalo a tu carrito hoy y lucí un estilo único y chic.",in stock,new,62500.00 ARS,,https://elgadget.com.ar/producto/bolso-bandolera-de-raffia-tejida-con-pompones-o-cerezas-m2062-004/,https://res.cloudinary.com/deq2ofluf/image/upload/prod_M2062-004_001,"https://res.cloudinary.com/deq2ofluf/image/upload/prod_M2062-004_002,https://res.cloudinary.com/deq2ofluf/image/upload/prod_M2062-004_003,https://res.cloudinary.com/deq2ofluf/image/upload/prod_M2062-004_004,https://res.cloudinary.com/deq2ofluf/image/upload/prod_M2062-004_005,https://res.cloudinary.com/deq2ofluf/image/upload/prod_M2062-004_006",El Gadget,Accesorios de Moda,
M2071-002,Cartera Bandolera Mujer Holográfica Cuero PU con Cadena,"Con la Cartera Bandolera Holográfica de El Gadget, vas a captar todas las miradas allá donde vayas. Este accesorio es el toque urbano, moderno y vibrante que necesitás para elevar cualquier look, haciéndolo ideal tanto para tus salidas nocturnas como para el día a día en la ciudad. - Confeccionada en cuero sintético PU de alta calidad con un acabado holográfico vibrante que reacciona a la luz, te asegura un estilo único y duradero que no pasa desapercibido. - Su correa versátil combina PU holográfico y una elegante cadena plateada, permitiéndote llevarla cómodamente al hombro o cruzada, adaptándose a tu estilo y a la ocasión. - Cuenta con un cierre de cremallera y herrajes plateados que le dan un toque sofisticado, mientras que su interior totalmente forrado protege tus pertenencias más valiosas. Es el complemento perfecto para mujeres que aman la moda y buscan accesorios que las ayuden a diferenciarse con un toque de originalidad. No esperes más para sumar este bolso bandolera tan llamativo a tu colección. ¡Hacela tuya hoy mismo en El Gadget y brillá!",in stock,new,57000.00 ARS,,https://elgadget.com.ar/producto/cartera-bandolera-mujer-holografica-cuero-pu-con-cadena-m2071-002/,https://res.cloudinary.com/deq2ofluf/image/upload/prod_M2071-002_001,"https://res.cloudinary.com/deq2ofluf/image/upload/prod_M2071-002_002,https://res.cloudinary.com/deq2ofluf/image/upload/prod_M2071-002_003,https://res.cloudinary.com/deq2ofluf/image/upload/prod_M2071-002_004,https://res.cloudinary.com/deq2ofluf/image/upload/prod_M2071-002_005,https://res.cloudinary.com/deq2ofluf/image/upload/prod_M2071-002_006,https://res.cloudinary.com/deq2ofluf/image/upload/prod_M2071-002_007,https://res.cloudinary.com/deq2ofluf/image/upload/prod_M2071-002_008,https://res.cloudinary.com/deq2ofluf/image/upload/prod_M2071-002_009",El Gadget,Accesorios de Moda,
M2087-009A,Portacosméticos transparente lentejuelas corazones colores práctico,"Mantene tus cosméticos o útiles organizados y a la vista con este portacosméticos transparente lleno de estilo. Es el accesorio perfecto para encontrar todo al instante sin revolver. - Olvidate de buscar: Su diseño transparente de PU te permite ver todo el contenido al instante, encontrando lo que necesitás sin perder tiempo. - Dale un toque único: Las lentejuelas de corazones de colores agregan un brillo especial y divertido a tu día, destacándote con estilo. - Seguridad y estilo: Mantiene tus pertenencias seguras con su cierre de cremallera en un vibrante color rosa, sumando onda a tu look. - Versatilidad total: Con su correa rosa desmontable de PU, podés usarlo como mini cartera de mano o como un práctico neceser dentro de tu bolso. - El tamaño justo: Sus 18x6x5cm son perfectos para llevar tus cosméticos esenciales, lapiceras o pequeños accesorios tecnológicos sin estorbar. Ideal para tu rutina diaria, para el trabajo o para organizar tu escritorio. No te pierdas este portacosméticos/cartuchera lleno de onda que combina funcionalidad y moda. ¡Sumalo a tu carrito hoy y dale un toque de brillo a tu vida!",in stock,new,14500.00 ARS,,https://elgadget.com.ar/producto/portacosmeticos-transparente-lentejuelas-corazones-colores-practico-m2087-009a/,https://res.cloudinary.com/deq2ofluf/image/upload/prod_M2087-009A_001,"https://res.cloudinary.com/deq2ofluf/image/upload/prod_M2087-009A_002,https://res.cloudinary.com/deq2ofluf/image/upload/prod_M2087-009A_003,https://res.cloudinary.com/deq2ofluf/image/upload/prod_M2087-009A_004,https://res.cloudinary.com/deq2ofluf/image/upload/prod_M2087-009A_005,https://res.cloudinary.com/deq2ofluf/image/upload/prod_M2087-009A_006,https://res.cloudinary.com/deq2ofluf/image/upload/prod_M2087-009A_007",El Gadget,Accesorios de Moda,
M2087-009B,"Portacosméticos transparente lentejuelas corazones, con correa rosa","¿Cansada de buscar tus cosas? Este portacosméticos transparente con lentejuelas es la solución perfecta para tener todo a la vista y con mucho estilo. Ideal como estuche de maquillaje o para organizar tus accesorios de moda. Descubrí por qué es un básico que no puede faltar en tu día a día: - Visualizá al instante: Su diseño transparente de PU te permite encontrar tus labiales, brochas o útiles sin perder tiempo. ¡Adiós al desorden! - Toque chic con corazones: Las lentejuelas plateadas en forma de corazón le dan un brillo único y divertido, ideal para destacar en cualquier ocasión. - Seguridad y estilo: Mantené tus pertenencias protegidas con el práctico cierre de cremallera en un alegre color rosa. - Versatilidad al máximo: Llévalo como un estuche de mano con su correa rosa de PU desmontable o como una canchera cartuchera en tu mochila. ¡Vos elegís! Con sus medidas compactas de 18x6x5cm, es el accesorio ideal para organizar desde tu maquillaje hasta tus objetos personales. ¡No te quedes sin el tuyo, sumalo al carrito hoy!",in stock,new,16000.00 ARS,,https://elgadget.com.ar/producto/portacosmeticos-transparente-lentejuelas-corazones-con-correa-rosa-m2087-009b/,https://res.cloudinary.com/deq2ofluf/image/upload/prod_M2087-009B_001,"https://res.cloudinary.com/deq2ofluf/image/upload/prod_M2087-009B_002,https://res.cloudinary.com/deq2ofluf/image/upload/prod_M2087-009B_003,https://res.cloudinary.com/deq2ofluf/image/upload/prod_M2087-009B_004,https://res.cloudinary.com/deq2ofluf/image/upload/prod_M2087-009B_005,https://res.cloudinary.com/deq2ofluf/image/upload/prod_M2087-009B_006,https://res.cloudinary.com/deq2ofluf/image/upload/prod_M2087-009B_007,https://res.cloudinary.com/deq2ofluf/image/upload/prod_M2087-009B_008",El Gadget,Accesorios de Moda,
M2971-007B,Cartera Mini Bag Bandolera Mujer Flúor Snake Eco Cuero,"Descubrí la Cartera Mini Bag Bandolera Flúor Snake, el accesorio perfecto para darle ese toque vibrante y audaz a tu look diario o de noche. Su diseño moderno en eco cuero te asegura estilo y practicidad, convirtiéndola en un infaltable entre tus accesorios de moda. - Luce un estilo único y vanguardista con su textura tipo snake flúor en eco cuero, ideal para destacar en cualquier ocasión. - Adaptala a tu estilo: usala como bandolera con su correa desmontable o como cartera de mano, con detalles de herrajes y cadena plateada que suman elegancia. - Mantené tus pertenencias seguras y organizadas gracias a su forrería interna y cierre de cremallera adicional para los objetos más importantes. - Disfrutá de su tamaño compacto (22x15x8cm), ideal para llevar todo lo esencial sin agregar volumen, perfecta para tus salidas urbanas o eventos. Esta mini bag es el complemento indispensable para la mujer argentina que busca tendencia y funcionalidad en sus accesorios de moda. No esperes más para sumarla a tu colección de carteras bandoleras y llevar tu estilo al siguiente nivel. Hacela tuya hoy.",in stock,new,62500.00 ARS,,https://elgadget.com.ar/producto/cartera-mini-bag-bandolera-mujer-fluor-snake-eco-cuero-m2971-007b/,https://res.cloudinary.com/deq2ofluf/image/upload/prod_M2971-007B_001,"https://res.cloudinary.com/deq2ofluf/image/upload/prod_M2971-007B_002,https://res.cloudinary.com/deq2ofluf/image/upload/prod_M2971-007B_003,https://res.cloudinary.com/deq2ofluf/image/upload/prod_M2971-007B_004,https://res.cloudinary.com/deq2ofluf/image/upload/prod_M2971-007B_005",El Gadget,Accesorios de Moda,
M2974-006A,Riñonera Mujer Fluo Amarilla Snake Cuero Ecológico Doble Cierre,"Dale un giro impactante a tu look con esta riñonera fluo amarilla de textura snake. Es el accesorio de moda perfecto para llevar todo lo esencial con estilo y comodidad, ideal para quienes buscan destacarse y vivir cada momento al máximo. - Destacate con su vibrante amarillo fluo y la original textura snake, un diseño que no pasa desapercibido y refleja tu personalidad audaz. - Fabricada en cuero ecológico (PU) de alta calidad, un material resistente y fácil de cuidar, ideal para tu ritmo de vida activo. - Organización garantizada: sus dos compartimentos con doble cierre te permiten guardar el celular, llaves y billetera de forma segura y accesible. - Adaptala a tu estilo con la correa ajustable y su elegante hebilla dorada, para llevarla en la cintura o cruzada con total confort. Es la riñonera ideal para festivales, salidas urbanas o para darle ese toque trendy a tu outfit diario. ¡No te quedes sin la tuya y sumale un pop de color a tus días!",in stock,new,47000.00 ARS,,https://elgadget.com.ar/producto/rinonera-mujer-fluo-amarilla-snake-cuero-ecologico-doble-cierre-m2974-006a/,https://res.cloudinary.com/deq2ofluf/image/upload/prod_M2974-006A_001,"https://res.cloudinary.com/deq2ofluf/image/upload/prod_M2974-006A_002,https://res.cloudinary.com/deq2ofluf/image/upload/prod_M2974-006A_003,https://res.cloudinary.com/deq2ofluf/image/upload/prod_M2974-006A_004,https://res.cloudinary.com/deq2ofluf/image/upload/prod_M2974-006A_005",El Gadget,Accesorios de Moda,
M2974-006B,Riñonera Mujer Rosa Fluo Snake Cuero Ecológico Total Chic,"La riñonera fluo rosa snake es el accesorio de moda ideal para darle un toque vibrante y chic a cualquier outfit. Diseñada para la mujer moderna que busca practicidad sin resignar estilo. - Destacate con su vibrante color rosa fluo y la exclusiva textura snake, un detalle súper trendy que eleva tu look. - Mantené tus esenciales organizados y seguros gracias a sus dos compartimentos con doble cierre, perfecto para el celu, llaves y billetera. - Llévala con total comodidad y adaptabilidad. Su correa ajustable con hebilla dorada te permite usarla como más te guste, al hombro o en la cintura. - Fabricada en cuero ecológico de PU, un material resistente y fácil de cuidar que te acompaña en tu día a día. - Su tamaño compacto de 24x13cm es ideal para llevar todo lo necesario sin bultos extra, perfecta para moverte libremente. Si buscás un accesorio que combine moda, comodidad y funcionalidad, esta riñonera es para vos. Dale ese toque audaz a tus looks y sentite canchera en todo momento. Sumala a tu colección de accesorios y marcá tendencia.",in stock,new,47000.00 ARS,,https://elgadget.com.ar/producto/rinonera-mujer-rosa-fluo-snake-cuero-ecologico-total-chic-m2974-006b/,https://res.cloudinary.com/deq2ofluf/image/upload/prod_M2974-006B_001,"https://res.cloudinary.com/deq2ofluf/image/upload/prod_M2974-006B_002,https://res.cloudinary.com/deq2ofluf/image/upload/prod_M2974-006B_003,https://res.cloudinary.com/deq2ofluf/image/upload/prod_M2974-006B_004,https://res.cloudinary.com/deq2ofluf/image/upload/prod_M2974-006B_005",El Gadget,Accesorios de Moda,
M2999-005,Mochila Transparente PVC Mediana | Ideal para Viajes y Paseos con Estilo,"Llevá todo lo esencial con estilo y practicidad. Esta mochila transparente mediana es el accesorio de moda ideal para tu día a día o tus escapadas. Mostrá tu estilo único mientras tenés todo a la vista y a mano, ideal para eventos o simplemente para destacar. Su diseño mediano y versátil es perfecto para hombre y mujer, adaptable a tu ritmo de vida, ya sea para un paseo por la ciudad o una escapada. Disfrutá de máxima practicidad y comodidad, llevando solo lo indispensable con facilidad, asegurando que tus planes estén siempre a tu alcance sin cargar de más. Confeccionada con calidad, esta mochila PVC es duradera y te acompañará en todas tus aventuras, garantizando que puedas disfrutarla por mucho tiempo. No dejes pasar la oportunidad de sumar este accesorio clave a tu colección. Su diseño moderno y su funcionalidad la convierten en el morral perfecto para cualquier ocasión. ¡Hacé tuya hoy esta mochila transparente y preparate para vivir nuevas experiencias con todo lo que necesitás!",in stock,new,47000.00 ARS,,https://elgadget.com.ar/producto/mochila-transparente-pvc-mediana-ideal-para-viajes-y-paseos-con-estilo-m2999-005/,https://res.cloudinary.com/deq2ofluf/image/upload/prod_M2999-005_001,"https://res.cloudinary.com/deq2ofluf/image/upload/prod_M2999-005_002,https://res.cloudinary.com/deq2ofluf/image/upload/prod_M2999-005_003,https://res.cloudinary.com/deq2ofluf/image/upload/prod_M2999-005_004,https://res.cloudinary.com/deq2ofluf/image/upload/prod_M2999-005_005,https://res.cloudinary.com/deq2ofluf/image/upload/prod_M2999-005_006,https://res.cloudinary.com/deq2ofluf/image/upload/prod_M2999-005_007,https://res.cloudinary.com/deq2ofluf/image/upload/prod_M2999-005_008,https://res.cloudinary.com/deq2ofluf/image/upload/prod_M2999-005_009,https://res.cloudinary.com/deq2ofluf/image/upload/prod_M2999-005_010,https://res.cloudinary.com/deq2ofluf/image/upload/prod_M2999-005_011,https://res.cloudinary.com/deq2ofluf/image/upload/prod_M2999-005_012,https://res.cloudinary.com/deq2ofluf/image/upload/prod_M2999-005_013,https://res.cloudinary.com/deq2ofluf/image/upload/prod_M2999-005_014,https://res.cloudinary.com/deq2ofluf/image/upload/prod_M2999-005_015,https://res.cloudinary.com/deq2ofluf/image/upload/prod_M2999-005_016,https://res.cloudinary.com/deq2ofluf/image/upload/prod_M2999-005_017,https://res.cloudinary.com/deq2ofluf/image/upload/prod_M2999-005_018,https://res.cloudinary.com/deq2ofluf/image/upload/prod_M2999-005_019,https://res.cloudinary.com/deq2ofluf/image/upload/prod_M2999-005_020,https://res.cloudinary.com/deq2ofluf/image/upload/prod_M2999-005_021,https://res.cloudinary.com/deq2ofluf/image/upload/prod_M2999-005_022,https://res.cloudinary.com/deq2ofluf/image/upload/prod_M2999-005_023,https://res.cloudinary.com/deq2ofluf/image/upload/prod_M2999-005_024,https://res.cloudinary.com/deq2ofluf/image/upload/prod_M2999-005_025",El Gadget,Accesorios de Moda,
M3022-001A,Bandolera Tejida Mujer Negra Crochet Estilo Playa Verano Chic,"Llevá el estilo artesanal con vos este verano. Esta bandolera tejida al crochet negra es el accesorio ideal para realzar tus looks de playa y ciudad con un toque bohemio. - Diseño único y artesanal: Destacate con este bolso circular tejido al crochet, cómodo de llevar gracias a su correa trenzada, ideal para tus salidas o escapadas. - Tus esenciales seguros: Interior forrado para cuidar tus objetos personales, ofreciendo tranquilidad en cada momento. - Estilo y practicidad: Su cierre de cordón con bolitas de madera añade un toque bohemio y natural, manteniendo tus pertenencias protegidas y a mano. - Versatilidad que combina: El clásico negro de esta bandolera es perfecto para combinar con cualquier outfit, desde el más casual de playa hasta uno urbano y chic. Ideal para llevar tus indispensables con estilo en tus salidas de verano o como el toque final para un look canchero en la ciudad. Sumala a tu carrito y disfrutá de la moda y comodidad que solo un accesorio así te puede dar.",in stock,new,59500.00 ARS,,https://elgadget.com.ar/producto/bandolera-tejida-mujer-negra-crochet-estilo-playa-verano-chic-m3022-001a/,https://res.cloudinary.com/deq2ofluf/image/upload/prod_M3022-001A_001,"https://res.cloudinary.com/deq2ofluf/image/upload/prod_M3022-001A_002,https://res.cloudinary.com/deq2ofluf/image/upload/prod_M3022-001A_003,https://res.cloudinary.com/deq2ofluf/image/upload/prod_M3022-001A_004,https://res.cloudinary.com/deq2ofluf/image/upload/prod_M3022-001A_005,https://res.cloudinary.com/deq2ofluf/image/upload/prod_M3022-001A_006,https://res.cloudinary.com/deq2ofluf/image/upload/prod_M3022-001A_007",El Gadget,Accesorios de Moda,
M3022-001B,Bolso Bandolera Tejida Crochet Blanca Mujer Verano Playa,"Prepárate para un verano con estilo y frescura. Esta bandolera tejida de crochet es el accesorio perfecto para complementar tus looks estivales, combinando lo artesanal con la moda. - Dale un toque único a tus looks de verano con su diseño artesanal tejido en crochet y forma circular, ideal para destacar tu estilo boho chic. - Guardá tus pertenencias con tranquilidad: viene forrada por dentro y tiene un práctico cierre de cordón con detalles de bolitas de madera, que realzan su encanto. - Disfrutá de la comodidad de llevar solo lo esencial. Con sus medidas de 17x17 cm y correa trenzada, es perfecta para acompañarte liviana en tus paseos o días de playa. - Este bolso bandolera blanco ilumina cualquier outfit, ofreciéndote un accesorio versátil y fresco para la temporada estival. No te quedes sin tu bandolera de moda para esta temporada. Es el accesorio clave para tus momentos al aire libre, un regalo ideal o simplemente para consentirte. ¡Sumala a tu carrito y preparate para disfrutar del verano con estilo!",in stock,new,59500.00 ARS,,https://elgadget.com.ar/producto/bolso-bandolera-tejida-crochet-blanca-mujer-verano-playa-m3022-001b/,https://res.cloudinary.com/deq2ofluf/image/upload/prod_M3022-001B_001,"https://res.cloudinary.com/deq2ofluf/image/upload/prod_M3022-001B_002,https://res.cloudinary.com/deq2ofluf/image/upload/prod_M3022-001B_003,https://res.cloudinary.com/deq2ofluf/image/upload/prod_M3022-001B_004,https://res.cloudinary.com/deq2ofluf/image/upload/prod_M3022-001B_005,https://res.cloudinary.com/deq2ofluf/image/upload/prod_M3022-001B_006,https://res.cloudinary.com/deq2ofluf/image/upload/prod_M3022-001B_007,https://res.cloudinary.com/deq2ofluf/image/upload/prod_M3022-001B_008,https://res.cloudinary.com/deq2ofluf/image/upload/prod_M3022-001B_009,https://res.cloudinary.com/deq2ofluf/image/upload/prod_M3022-001B_010",El Gadget,Accesorios de Moda,
M3030-006A,Bandolera Transparente Negra PVC con Porta Objeto - El toque de moda,"Dale un giro audaz y moderno a tu look con esta cartera bandolera transparente. Perfecta para quienes buscan estilo y practicidad sin sacrificar la organización de sus esenciales, ideal para la mujer actual en Argentina. Esta pieza es un verdadero accesorio de moda que no puede faltar en tu colección. - Destacate con un estilo vanguardista: su diseño transparente en PVC negro te permite mostrar un toque audaz y encontrar tus esenciales al instante. - Llevá todo organizado y a mano: gracias a su práctico porta objeto, cada pertenencia tiene su lugar, simplificando tu día a día. - Comodidad asegurada para tu rutina: el formato bandolera te libera las manos, ideal para moverte por la ciudad con total libertad. - Durabilidad y fácil mantenimiento: confeccionada en PVC resistente, esta cartera está pensada para acompañarte en tu ritmo, con una limpieza sencilla. - Elegancia en cada detalle: los herrajes en acabado dorado le dan ese toque distintivo y sofisticado que complementa cualquier look. Esta cartera bandolera es el accesorio de moda ideal para inyectarle personalidad a tu look urbano, combinando funcionalidad y diseño. Es la elección perfecta si buscás un ítem diferente para salir, o para darle un upgrade a tus accesorios diarios. ¡No te quedes sin la tuya y sumá este toque único a tu carrito hoy mismo!",in stock,new,77000.00 ARS,,https://elgadget.com.ar/producto/bandolera-transparente-negra-pvc-con-porta-objeto-el-toque-de-moda-m3030-006a/,https://res.cloudinary.com/deq2ofluf/image/upload/prod_M3030-006A_001,"https://res.cloudinary.com/deq2ofluf/image/upload/prod_M3030-006A_002,https://res.cloudinary.com/deq2ofluf/image/upload/prod_M3030-006A_003,https://res.cloudinary.com/deq2ofluf/image/upload/prod_M3030-006A_004,https://res.cloudinary.com/deq2ofluf/image/upload/prod_M3030-006A_005,https://res.cloudinary.com/deq2ofluf/image/upload/prod_M3030-006A_006,https://res.cloudinary.com/deq2ofluf/image/upload/prod_M3030-006A_007,https://res.cloudinary.com/deq2ofluf/image/upload/prod_M3030-006A_008,https://res.cloudinary.com/deq2ofluf/image/upload/prod_M3030-006A_009",El Gadget,Accesorios de Moda,
M3102-011A,Cartera Bandolera Transparente Negra para Mujer - Estilo Trendy,"Dale un giro moderno a tu look con esta cartera bandolera transparente negra, ideal para destacar mientras llevás lo esencial con estilo y seguridad. Es el accesorio de moda que buscabas para mostrar tu personalidad. - Mostrá tus esenciales con un toque vanguardista y único. Esta bandolera transparente es perfecta para festivales o salidas, permitiéndote ver tus pertenencias al instante. - Disfrutá de un acabado elegante con costuras de PU y cierre de cremallera plateado. Tus objetos protegidos, con un detalle chic que marca la diferencia. - Su correa de tela de 4 cm es desmontable, ofreciéndote total versatilidad. Llevála cruzada o adaptala a tu estilo, para tener las manos libres. - Con medidas ideales (20x18 cm), es el tamaño justo para llevar lo indispensable: celular, billetera y llaves. Practicidad y estilo en un solo accesorio. Esta cartera bandolera es una declaración de estilo que se adapta a tu ritmo urbano. No te quedes sin la tuya: sumala hoy y marcá tendencia en la ciudad.",in stock,new,57000.00 ARS,,https://elgadget.com.ar/producto/cartera-bandolera-transparente-negra-para-mujer-estilo-trendy-m3102-011a/,https://res.cloudinary.com/deq2ofluf/image/upload/prod_M3102-011A_001,"https://res.cloudinary.com/deq2ofluf/image/upload/prod_M3102-011A_002,https://res.cloudinary.com/deq2ofluf/image/upload/prod_M3102-011A_003,https://res.cloudinary.com/deq2ofluf/image/upload/prod_M3102-011A_004,https://res.cloudinary.com/deq2ofluf/image/upload/prod_M3102-011A_005,https://res.cloudinary.com/deq2ofluf/image/upload/prod_M3102-011A_006",El Gadget,Accesorios de Moda,
M3102-011B,Cartera Bandolera Mujer Transparente PVC Bordada Moda Blanca,"Destacá tu look con la Cartera Bandolera Transparente de PVC. Un accesorio moderno y versátil, ideal para llevar lo esencial con un toque de vanguardia, marcando tendencia en cada paso que des. - Llevá tus imprescindibles a la vista y con estilo gracias a su diseño transparente de PVC, perfecto para festivales, recitales o salidas cancheras. - Disfrutá de la máxima versatilidad: su correa de tela de 4 cm es desmontable, permitiéndote adaptarla a cada ocasión y outfit, usándola como más te guste. - Con un acabado premium que marca la diferencia: sus costuras recubiertas de PU y cierre de cremallera plateado le dan un toque super elegante y sofisticado. Esta cartera bandolera de moda es el complemento ideal para tu día a día o para elevar cualquier evento. Olvidate de las dudas, su calidad y diseño la hacen una pieza única y funcional. ¡Sumala a tu colección de accesorios y marcá tendencia hoy mismo!",in stock,new,57000.00 ARS,,https://elgadget.com.ar/producto/cartera-bandolera-mujer-transparente-pvc-bordada-moda-blanca-m3102-011b/,https://res.cloudinary.com/deq2ofluf/image/upload/prod_M3102-011B_001,"https://res.cloudinary.com/deq2ofluf/image/upload/prod_M3102-011B_002,https://res.cloudinary.com/deq2ofluf/image/upload/prod_M3102-011B_003,https://res.cloudinary.com/deq2ofluf/image/upload/prod_M3102-011B_004,https://res.cloudinary.com/deq2ofluf/image/upload/prod_M3102-011B_005",El Gadget,Accesorios de Moda,
M3103-001A,Bandolera Tejida Mujer Sandía Limón Doble Cierre para Verano,"Llevá el espíritu del verano con vos a todos lados con esta bandolera tejida. Perfecta para la playa, un paseo o tu look relajado de vacaciones, combinando estilo y practicidad. - Elegí entre el diseño fresco de sandía o limón para sumar un toque original y divertido a tus outfits de primavera y verano. - Mantené tus pertenencias seguras y organizadas gracias a sus dos compartimentos independientes, cada uno con su propio cierre. - Disfrutá de una terminación de calidad y protegé tus objetos con un interior completamente forrado en tela. - Diseñada con tela poliéster tejida de alta resistencia y correa a tono, ideal para el uso diario de la temporada. Esta cartera bandolera es tu compañera ideal para la temporada cálida, perfecta para llevar lo esencial con onda. No te quedes sin tu accesorio estrella. Seleccioná tu modelo favorito (Sandía o Limón) antes de finalizar la compra y hacela tuya hoy.",in stock,new,47000.00 ARS,,https://elgadget.com.ar/producto/bandolera-tejida-mujer-sandia-limon-doble-cierre-para-verano-m3103-001a/,https://res.cloudinary.com/deq2ofluf/image/upload/prod_M3103-001A_001,"https://res.cloudinary.com/deq2ofluf/image/upload/prod_M3103-001A_002,https://res.cloudinary.com/deq2ofluf/image/upload/prod_M3103-001A_003,https://res.cloudinary.com/deq2ofluf/image/upload/prod_M3103-001A_004,https://res.cloudinary.com/deq2ofluf/image/upload/prod_M3103-001A_005,https://res.cloudinary.com/deq2ofluf/image/upload/prod_M3103-001A_006",El Gadget,Accesorios de Moda,
M3103-001B,Bandolera Tejida Mujer Diseño Limón - Ideal para Playa y Verano,"Dale un toque fresco y canchero a tus looks de primavera y verano con esta bandolera tejida, el accesorio perfecto para tus días de sol y diversión en Argentina. - Destacate con un diseño de Limón súper original, ideal para la playa, paseos o para darle ese toque de frescura a tus outfits veraniegos. - Llevá todo organizado y seguro: cuenta con doble compartimiento y cierres independientes, más un bolsillo interno para tus esenciales. ¡Adiós al caos! - Disfrutá de la tranquilidad de un interior completamente forrado en tela, que protege tus objetos con una terminación de primera calidad. - Confeccionada en tela poliéster tejida de alta resistencia, esta cartera es liviana, duradera y lista para acompañarte en todas tus aventuras. Ideal para el día a día, tus escapadas o como el regalo más original para esa persona especial. No te quedes sin la tuya: elegí tu modelo favorito y sumala a tu carrito hoy mismo para vivir un verano con estilo.",in stock,new,47000.00 ARS,,https://elgadget.com.ar/producto/bandolera-tejida-mujer-diseno-limon-ideal-para-playa-y-verano-m3103-001b/,https://res.cloudinary.com/deq2ofluf/image/upload/prod_M3103-001B_001,"https://res.cloudinary.com/deq2ofluf/image/upload/prod_M3103-001B_002,https://res.cloudinary.com/deq2ofluf/image/upload/prod_M3103-001B_003,https://res.cloudinary.com/deq2ofluf/image/upload/prod_M3103-001B_004,https://res.cloudinary.com/deq2ofluf/image/upload/prod_M3103-001B_005,https://res.cloudinary.com/deq2ofluf/image/upload/prod_M3103-001B_006",El Gadget,Accesorios de Moda,
M6024,Cartuchera canopla infantil 3 modelos: diseño sorpresa para el cole,"Prepará a los más chicos para el colegio con esta cartuchera canopla infantil, el toque divertido y práctico para sus útiles diarios. Cada una es una sorpresa especial que les encantará descubrir. - Espaciosa y práctica: La canopla ideal para que organicen todos sus lápices, lapiceras y marcadores, manteniendo el orden en la mochila sin esfuerzo. - Colección única: Disponibles en 3 modelos diferentes, cada cartuchera promete un diseño original y llamativo que les encantará. - ¡Sorpresa asegurada!: Dejate llevar por la emoción de recibir un modelo surtido. Un toque de aventura que hace cada compra especial y diferente. - Calidad al mejor precio: Aprovechá esta oferta exclusiva para equipar a los chicos con un accesorio funcional y divertido, sin que afecte tu bolsillo. Perfecta para el uso diario en el colegio o como un regalo original y útil, esta cartuchera canopla es la elección ideal. ¡No te quedes sin la tuya y sumá una dosis de diversión a la mochila!",in stock,new,17500.00 ARS,,https://elgadget.com.ar/producto/cartuchera-canopla-infantil-3-modelos-diseno-sorpresa-para-el-cole-m6024/,https://res.cloudinary.com/deq2ofluf/image/upload/prod_M6024_001,,El Gadget,OFERTAS,
PA110AS,Camisa Blusa Broderie Mujer Manga 3/4 Romántica. Ideal primavera verano,"Dale un toque de romanticismo y delicadeza a tu look con esta hermosa camisa blusa de broderie para mujer. Es la prenda perfecta para lucir sofisticada y cómoda en cualquier ocasión de primavera o verano en Argentina. - Sentí la delicadeza del broderie y el tul calado importado, que le dan un toque romántico y artesanal a tu look con una transparencia sutil. - Lucí un estilo moderno y fluido gracias a sus mangas estilo Oxford 3/4, perfectas para moverte con comodidad y elegancia en el día a día. - Adaptala a cualquier ocasión: su versatilidad te permite llevarla tanto en eventos elegantes como para un plan casual de primavera-verano. - Elegí el clásico color negro para una prenda atemporal y combinable, un infaltable en tu guardarropas para armar outfits chic sin esfuerzo. No esperes más para sumar esta pieza esencial a tu vestidor. Consultá nuestra guía de talles para un calce perfecto y preparate para brillar esta temporada. Sumala a tu carrito y lucí un estilo inigualable!",in stock,new,102500.00 ARS,,https://elgadget.com.ar/producto/camisa-blusa-broderie-mujer-manga-3-4-romantica-ideal-primavera-verano-pa110as/,https://res.cloudinary.com/deq2ofluf/image/upload/prod_PA110AS_001,"https://res.cloudinary.com/deq2ofluf/image/upload/prod_PA110AS_002,https://res.cloudinary.com/deq2ofluf/image/upload/prod_PA110AS_003,https://res.cloudinary.com/deq2ofluf/image/upload/prod_PA110AS_004,https://res.cloudinary.com/deq2ofluf/image/upload/prod_PA110AS_005",El Gadget,Accesorios de Moda,
PA110B,Blusa Broderie y Tul Importada Manga 3/4 Mujer - Estilo Único,"Descubrí la Blusa de Broderie y Tul importada, la prenda ideal para destacar con un toque romántico y elegante en cualquier ocasión. Perfecta para quienes buscan sofisticación y comodidad en su vestimenta. Añade delicadeza y distinción a tu colección con esta pieza clave de moda. Sentí la delicadeza del broderie y el tul calado importado que aporta un aire artesanal y una ligereza única a tu estilo. Disfrutá de la libertad de movimiento y el toque moderno que ofrecen sus mangas 3/4 estilo oxford, ideales para looks de media estación o verano. Elegí entre el clásico Blanco o el atemporal Negro para combinar fácilmente y crear outfits versátiles, desde elegantes a casuales. Transformá tu look: es la blusa perfecta para un evento formal o para un encuentro casual, siempre con un aire sofisticado. Esta blusa es la inversión ideal para tu guardarropa, combinando calidad y diseño exclusivo. ¿Dudas con el talle? Revisá nuestra guía de medidas aproximadas del cuerpo para un ajuste perfecto. Sumala a tu colección de moda hoy mismo y viví la elegancia que solo El Gadget te puede ofrecer.",in stock,new,102500.00 ARS,,https://elgadget.com.ar/producto/blusa-broderie-y-tul-importada-manga-3-4-mujer-estilo-unico-pa110b/,https://res.cloudinary.com/deq2ofluf/image/upload/prod_PA110B_001,"https://res.cloudinary.com/deq2ofluf/image/upload/prod_PA110B_002,https://res.cloudinary.com/deq2ofluf/image/upload/prod_PA110B_003,https://res.cloudinary.com/deq2ofluf/image/upload/prod_PA110B_004",El Gadget,Accesorios de Moda,
PA111A,Blusa Off Shoulder Negra Mujer Manga Larga Estilo Chic Brigitte,"Descubrí la blusa off shoulder que redefine tu estilo, combinando elegancia y frescura para cada ocasión. Esta blusa negra manga larga es tu aliada para un look femenino y moderno, ideal para sentirte cómoda y chic. - Destacá tu feminidad con el diseño de hombros descubiertos, un toque sofisticado y a la moda. - Disfrutá la frescura y comodidad de su tela liviana y suave, ideal para días cálidos o media estación. - Sus mangas largas con detalles calados y delicados añaden un toque elegante y distintivo a tu outfit. - El escote elástico off shoulder se adapta perfecto a tu cuerpo, resaltando tus hombros con naturalidad. - Es ultra versátil: combiná con jeans, shorts o faldas para looks casuales, salidas o eventos informales. Una blusa negra imprescindible en tu guardarropa para sentirte espectacular y siempre a la moda. No esperes más, sumala a tu carrito hoy y renová tu estilo con la Blusa Brigitte.",in stock,new,70500.00 ARS,,https://elgadget.com.ar/producto/blusa-off-shoulder-negra-mujer-manga-larga-estilo-chic-brigitte-pa111a/,https://res.cloudinary.com/deq2ofluf/image/upload/prod_PA111A_001,"https://res.cloudinary.com/deq2ofluf/image/upload/prod_PA111A_002,https://res.cloudinary.com/deq2ofluf/image/upload/prod_PA111A_003,https://res.cloudinary.com/deq2ofluf/image/upload/prod_PA111A_004,https://res.cloudinary.com/deq2ofluf/image/upload/prod_PA111A_005",El Gadget,Accesorios de Moda,
PA111B,Blusa Manga Larga Semi Oxford Celeste Mujer Hombros Descubiertos: Estilo Chic,"Renová tu look con esta blusa de mujer estilo chic y sentite cómoda sin resignar elegancia. Su diseño off shoulder te asegura un estilo moderno y femenino, perfecto para cualquier ocasión. Es una prenda fresca y muy combinable que no puede faltar en tu guardarropa para armar outfits versátiles. - Hombros descubiertos (off shoulder): lucí un escote delicado y a la moda que resalta tu figura con comodidad gracias a su ajuste elástico. - Tela liviana y suave: experimentá el confort durante todo el día, ideal para mantenerte fresca en días cálidos o combinar en outfits de media estación. - Manga larga con detalles decorativos: un toque elegante y distintivo que eleva tu outfit, ideal para un look casual o más arreglado. - Estilo versátil y combinable: creá infinidad de looks, desde jeans y shorts hasta faldas, para uso casual, salidas con amigas o eventos informales. Esta blusa es la elección ideal para sentirte femenina y a la moda. Sumala a tu colección de accesorios de moda hoy mismo y sentite increíble con tu nueva blusa.",in stock,new,70500.00 ARS,,https://elgadget.com.ar/producto/blusa-manga-larga-semi-oxford-celeste-mujer-hombros-descubiertos-estil-pa111b/,https://res.cloudinary.com/deq2ofluf/image/upload/prod_PA111B_001,"https://res.cloudinary.com/deq2ofluf/image/upload/prod_PA111B_002,https://res.cloudinary.com/deq2ofluf/image/upload/prod_PA111B_003,https://res.cloudinary.com/deq2ofluf/image/upload/prod_PA111B_004",El Gadget,Accesorios de Moda,
PA111C,Blusa Blanca Manga Larga Semi Oxford Mujer Estilo Chic,"Descubrí la blusa hombros descubiertos blanca ideal para mujer que buscás. Su diseño chic y femenino te garantiza un look fresco y elegante para cualquier momento del día. - Resaltá tu silueta con un toque moderno y sensual, perfecto para lucir tus hombros con el diseño off shoulder. - Agregá sofisticación a tu outfit con mangas delicadas y detalles decorativos que marcan la diferencia. - Disfrutá de total libertad y frescura gracias a su tejido liviano y suave, ideal para todo el año en Argentina. - Su escote elástico se adapta a tu cuerpo cómodamente, asegurando un calce perfecto y realzando tu figura. - Combiná sin límites con jeans, shorts o faldas para un look casual o un toque más arreglado, ¡siempre vas a estar impecable! Esta blusa blanca manga larga es un comodín infaltable en tu guardarropa para crear outfits únicos y sentirte fabulosa. No te quedes sin la tuya, sumala al carrito hoy y renová tu estilo con la comodidad que merecés.",in stock,new,70500.00 ARS,,https://elgadget.com.ar/producto/blusa-blanca-manga-larga-semi-oxford-mujer-estilo-chic-pa111c/,https://res.cloudinary.com/deq2ofluf/image/upload/prod_PA111C_001,"https://res.cloudinary.com/deq2ofluf/image/upload/prod_PA111C_002,https://res.cloudinary.com/deq2ofluf/image/upload/prod_PA111C_003,https://res.cloudinary.com/deq2ofluf/image/upload/prod_PA111C_004",El Gadget,Accesorios de Moda,
PA111D,Blusa Off Shoulder Mujer Rosa Manga Larga. Versátil y Chic,"Renová tu guardarropa con nuestra blusa off shoulder, la prenda clave para un look femenino, fresco y con un toque chic, perfecta para cualquier momento del día. - Diseño de hombros descubiertos: Resalta tu figura con un estilo moderno y sensual que marca tendencia. - Manga larga con detalles decorativos: Agrega elegancia sutil y distinción a tu outfit, ideal para media estación. - Tela liviana y suave: Disfrutá de total comodidad y frescura, ideal para días cálidos o para combinar. - Estilo versátil y combinable: Combinala fácilmente con jeans, shorts o faldas para un look casual o de evento informal. Sentite cómoda y a la moda con esta blusa que se adapta a tu cuerpo y a tu ritmo. Consultá nuestra tabla de talles para encontrar tu calce ideal y sumala a tu colección hoy.",in stock,new,70500.00 ARS,,https://elgadget.com.ar/producto/blusa-off-shoulder-mujer-rosa-manga-larga-versatil-y-chic-pa111d/,https://res.cloudinary.com/deq2ofluf/image/upload/prod_PA111D_001,"https://res.cloudinary.com/deq2ofluf/image/upload/prod_PA111D_002,https://res.cloudinary.com/deq2ofluf/image/upload/prod_PA111D_003,https://res.cloudinary.com/deq2ofluf/image/upload/prod_PA111D_004",El Gadget,Accesorios de Moda,
PA112B,Blusa Rosa Hombros Descubiertos Tela Liviana para Mujer,"Descubrí la blusa rosa ideal para lucir un look moderno y femenino sin sacrificar la comodidad. Perfecta para cualquier ocasión, esta prenda de ""Accesorios de Moda"" es un must-have en tu guardarropa. - Dale un toque chic y delicado a tu estilo con el diseño de hombros descubiertos, ideal para destacar con elegancia en tu blusa de moda. - Sentite fresca y cómoda todo el día gracias a su tela suave y ligera, perfecta para el clima argentino y para un uso casual o semi-formal. - Realza tu figura sin apretar, sus mangas largas con puño elástico y cintura elastizada se adaptan a vos, brindando un calce impecable y natural. - El cuello redondo fruncido le da una caída natural y un aire sofisticado, sumando detalles únicos a tu outfit. Ya sea para una salida casual, una reunión informal o simplemente tu día a día, esta blusa femenina te garantiza versatilidad y estilo. Combinala fácilmente con jeans, shorts o faldas y sentite espectacular. ¡Hacela tuya hoy!",in stock,new,58000.00 ARS,,https://elgadget.com.ar/producto/blusa-rosa-hombros-descubiertos-tela-liviana-para-mujer-pa112b/,https://res.cloudinary.com/deq2ofluf/image/upload/prod_PA112B_001,"https://res.cloudinary.com/deq2ofluf/image/upload/prod_PA112B_002,https://res.cloudinary.com/deq2ofluf/image/upload/prod_PA112B_003,https://res.cloudinary.com/deq2ofluf/image/upload/prod_PA112B_004",El Gadget,Accesorios de Moda,
PA112C,Blusa Manga Larga Blanca Satén Hombros Descubiertos Estilo Chic,"Renová tu look con esta blusa femenina de diseño moderno y delicado. Su estilo con hombros descubiertos te asegura una prenda fresca, elegante y súper versátil para cualquier ocasión. Es la pieza clave en accesorios de moda para tu guardarropa. - Luce un toque chic y sofisticado con el diseño de hombros descubiertos, ideal para realzar tu estilo femenino. - Sentí la frescura y confort de su tela liviana y suave, perfecta para usar en días cálidos o crear looks casuales impecables. - Disfrutá de un calce adaptable gracias a su cuello fruncido, mangas con puño elástico y cintura elastizada, que realzan tu figura con total comodidad. - Su delicado color rosa la convierte en una prenda súper versátil, ideal para combinar fácilmente con jeans, shorts o faldas en cualquier ocasión. Ya sea para una salida casual o una reunión informal, esta blusa moderna es tu aliada perfecta. Su diseño adaptable y tela elastizada aseguran un calce impecable. No esperes más para sumarla a tu guardarropa, ¡hacela tuya hoy!",in stock,new,58000.00 ARS,,https://elgadget.com.ar/producto/blusa-manga-larga-blanca-saten-hombros-descubiertos-estilo-chic-pa112c/,https://res.cloudinary.com/deq2ofluf/image/upload/prod_PA112C_001,"https://res.cloudinary.com/deq2ofluf/image/upload/prod_PA112C_002,https://res.cloudinary.com/deq2ofluf/image/upload/prod_PA112C_003,https://res.cloudinary.com/deq2ofluf/image/upload/prod_PA112C_004,https://res.cloudinary.com/deq2ofluf/image/upload/prod_PA112C_005,https://res.cloudinary.com/deq2ofluf/image/upload/prod_PA112C_006",El Gadget,Accesorios de Moda,
PA112D,Blusa Satén Negra Hombros Descubiertos - Estilo Versátil,"Descubrí la blusa que redefine la elegancia moderna para tu guardarropas. Nuestra blusa de satén con hombros descubiertos combina sofisticación y comodidad para crear tus looks más chic, perfecta para cualquier momento del día en Argentina. - Hombros descubiertos y diseño suelto: Lucí un estilo actual y femenino que se adapta con fluidez a tu figura, brindando libertad de movimiento y un toque sensual sin apretar. - Confección en tela liviana con excelente caída: Sentite cómoda y fresca durante todo el día, con una prenda que realza tu silueta de forma natural, ideal para la mujer que busca calidad. - Cuello redondo con frunce y puños elastizados: Detalles delicados que aportan distinción y un ajuste perfecto en las mangas, ideal para un look cuidado y sin esfuerzo en tu indumentaria. - Versatilidad total en color negro: Creá outfits desde casuales con jeans hasta más formales con faldas o pantalones, esta blusa es tu aliada para lucir siempre impecable en cualquier ocasión. Sumale elegancia a tu vida diaria o a esa salida especial. No esperes más para realzar tu estilo, agregala a tu carrito y hacela tuya hoy.",in stock,new,58000.00 ARS,,https://elgadget.com.ar/producto/blusa-saten-negra-hombros-descubiertos-estilo-versatil-pa112d/,https://res.cloudinary.com/deq2ofluf/image/upload/prod_PA112D_001,"https://res.cloudinary.com/deq2ofluf/image/upload/prod_PA112D_002,https://res.cloudinary.com/deq2ofluf/image/upload/prod_PA112D_003,https://res.cloudinary.com/deq2ofluf/image/upload/prod_PA112D_004",El Gadget,Accesorios de Moda,
PA113A,Blusa Negra Escote Hombros Caídos con Mangas de Encaje,"Sumate a la tendencia con nuestra blusa negra más buscada. Esta prenda versátil es el toque de sofisticación y comodidad que tu guardarropa necesita para destacarte en cualquier ocasión, desde un after office hasta una salida especial. - Confeccionada en tela liviana y suave, te ofrece un confort excepcional durante todo el día, ideal para sentirte libre y cómoda. - Destacate con el delicado detalle de encaje floral en las mangas largas, que le da un aire romántico y sofisticado a tu look. - Su escote amplio tipo barco te permite elegir: usala de forma clásica o ligeramente caída sobre los hombros para un estilo moderno y seductor. - El clásico color negro y su diseño adaptable la convierten en la prenda perfecta para combinar con jeans, shorts o pantalones de vestir, adaptándose a tu estilo personal. Esta blusa no es solo una prenda, es la clave para un look elegante y sin esfuerzo. No te quedes sin la tuya y sumá estilo a tus días. ¡Agregala al carrito y lucite!",in stock,new,70000.00 ARS,,https://elgadget.com.ar/producto/blusa-negra-escote-hombros-caidos-con-mangas-de-encaje-pa113a/,https://res.cloudinary.com/deq2ofluf/image/upload/prod_PA113A_001,"https://res.cloudinary.com/deq2ofluf/image/upload/prod_PA113A_002,https://res.cloudinary.com/deq2ofluf/image/upload/prod_PA113A_003,https://res.cloudinary.com/deq2ofluf/image/upload/prod_PA113A_004,https://res.cloudinary.com/deq2ofluf/image/upload/prod_PA113A_005",El Gadget,Accesorios de Moda,
PA113B,"Blusa Blanca Bambula Hombros Caídos Acampanada, look versátil","Renová tu look con la Blusa Blanca Bambula Hombros Caídos Acampanada, tu aliada perfecta para un estilo fresco y moderno en Argentina. Su diseño versátil te permite estar cómoda y canchera en cualquier ocasión. - Confeccionada en bambula blanca, una tela liviana y suave que te asegura máxima comodidad y frescura para tu día a día o esas salidas especiales. - Su calce suelto y el diseño acampanado ofrecen una libertad de movimiento inigualable, creando una silueta moderna y favorecedora para todo tipo de cuerpo. - El escote amplio tipo barco y los hombros caídos le dan un toque chic y relajado, ideal para combinar con tus jeans favoritos, shorts o pantalones de vestir. - Perfecta para armar outfits casuales con estilo o darle un aire más sofisticado a tus encuentros, siempre con ese toque femenino que buscás. Esta blusa de moda es una prenda esencial para la mujer argentina que busca combinar estilo y confort sin esfuerzo. No te quedes sin sumar esta blusa blanca de hombros caídos a tu colección y elevá tus outfits en El Gadget.",in stock,new,70000.00 ARS,,https://elgadget.com.ar/producto/blusa-blanca-bambula-hombros-caidos-acampanada-look-versatil-pa113b/,https://res.cloudinary.com/deq2ofluf/image/upload/prod_PA113B_001,"https://res.cloudinary.com/deq2ofluf/image/upload/prod_PA113B_002,https://res.cloudinary.com/deq2ofluf/image/upload/prod_PA113B_003,https://res.cloudinary.com/deq2ofluf/image/upload/prod_PA113B_004,https://res.cloudinary.com/deq2ofluf/image/upload/prod_PA113B_005",El Gadget,Accesorios de Moda,
PA114A,Blusa Manga Larga Blanca Viscosa Bambula Bordada Femenina,"Renová tu guardarropa con nuestra blusa manga larga de viscosa bambula bordada, una prenda blanca que combina frescura y elegancia para tus looks diarios y especiales. Disfrutá de un estilo femenino y delicado con total comodidad. - Experimentá el confort superior de la viscosa bambula, suave y liviana, para una sensación agradable durante todo el día. - Lucí un estilo sofisticado con sus mangas largas y los delicados bordados artesanales que le dan un toque único a cada look. - Disfrutá de un calce fluido y favorecedor que estiliza tu silueta sin ajustar, ofreciendo libertad de movimiento y confort. - Versatilidad garantizada: esta blusa es perfecta para combinar tanto en tus outfits casuales como en propuestas más formales. Esta es la elección ideal para quienes buscan comodidad y estilo sin concesiones en su ropa femenina. Sumala hoy a tu colección de accesorios de moda y destacate con un outfit fresco, femenino y lleno de personalidad.",in stock,new,70000.00 ARS,,https://elgadget.com.ar/producto/blusa-manga-larga-blanca-viscosa-bambula-bordada-femenina-pa114a/,https://res.cloudinary.com/deq2ofluf/image/upload/prod_PA114A_001,"https://res.cloudinary.com/deq2ofluf/image/upload/prod_PA114A_002,https://res.cloudinary.com/deq2ofluf/image/upload/prod_PA114A_003,https://res.cloudinary.com/deq2ofluf/image/upload/prod_PA114A_004",El Gadget,Accesorios de Moda,
PA114B,Blusa Bambula Bordada Negra Manga Larga - Cómoda y Versátil,"Sumá a tu guardarropa la blusa que combina elegancia y máximo confort para cualquier ocasión. Esta blusa de viscosa bambula bordada es tu aliada ideal para lucir impecable y sentirte liviana durante todo el día. Es la prenda perfecta para la mujer moderna en Argentina que busca estilo sin renunciar a la comodidad de la ropa. - Sentí una suavidad increíble en tu piel con su tela de viscosa bambula, fresca y liviana para usar todo el año. - Sus mangas largas le dan un toque sofisticado, perfecto para looks casuales o más formales. - Destacate con los delicados bordados artesanales que le suman un toque único y lleno de personalidad a tu outfit. - Disfrutá de un calce suelto y favorecedor que estiliza tu figura con total libertad de movimiento. - Es súper fácil de combinar con jeans, faldas o pantalones, creando looks distintos y siempre a la moda. No sacrifiques estilo por comodidad. Esta blusa es la prenda esencial para armar outfits femeninos y frescos, desde el día a día hasta esa ocasión especial. Hacela tuya hoy y viví la diferencia.",in stock,new,70000.00 ARS,,https://elgadget.com.ar/producto/blusa-bambula-bordada-negra-manga-larga-comoda-y-versatil-pa114b/,https://res.cloudinary.com/deq2ofluf/image/upload/prod_PA114B_001,"https://res.cloudinary.com/deq2ofluf/image/upload/prod_PA114B_002,https://res.cloudinary.com/deq2ofluf/image/upload/prod_PA114B_003,https://res.cloudinary.com/deq2ofluf/image/upload/prod_PA114B_004",El Gadget,Accesorios de Moda,
R3307-001-BL,"Reloj de muñeca Oso Panda Blanco Negro para niños, el regalo ideal","Sorprendé a los más chicos con un accesorio único y lleno de ternura. El Reloj de Pulsera Oso Panda Blanco y Negro es el gadget ideal para que aprendan la hora de forma divertida, añadiendo un toque original a su estilo. - Diseño adorable de Oso Panda Blanco y Negro que enamora: un toque divertido y muy original que hará la muñeca de tus peques el centro de atención. - Pensado para niños y niñas por igual: su estilo unisex lo convierte en el complemento perfecto para combinar con cualquier look diario. - Práctico y cómodo de llevar: este reloj de muñeca está diseñado para el uso diario, facilitando que los más jóvenes aprendan a ver la hora fácilmente. En el mundo de la electrónica infantil, este reloj de pulsera con diseño exclusivo de panda es mucho más que un accesorio: es un compañero de aventuras. Es el regalo perfecto para cumpleaños, el Día del Niño o simplemente para sorprenderlos. No dejes pasar la oportunidad, ¡sumalo al carrito y convertí su día en una alegría!",in stock,new,13000.00 ARS,,https://elgadget.com.ar/producto/reloj-de-muneca-oso-panda-blanco-negro-para-ninos-el-regalo-ideal-r3307-001-bl/,https://res.cloudinary.com/deq2ofluf/image/upload/prod_R3307-001-BL_001,"https://res.cloudinary.com/deq2ofluf/image/upload/prod_R3307-001-BL_002,https://res.cloudinary.com/deq2ofluf/image/upload/prod_R3307-001-BL_003,https://res.cloudinary.com/deq2ofluf/image/upload/prod_R3307-001-BL_004,https://res.cloudinary.com/deq2ofluf/image/upload/prod_R3307-001-BL_005,https://res.cloudinary.com/deq2ofluf/image/upload/prod_R3307-001-BL_006",El Gadget,Electrónica,
R3307-001-NE,Reloj Muñeca Oso Panda Negro Niños – diseño divertido y original,"Descubrí el Reloj de Muñeca Oso Panda, el accesorio perfecto que combina diversión y funcionalidad para los más chicos. Este reloj infantil se convierte en el gadget ideal para cualquier aventura diaria. - El irresistible diseño de Oso Panda blanco y negro hace que este reloj de pulsera sea el favorito de los niños, transformando la rutina en una experiencia lúdica. - Es un reloj de pulsera funcional y cómodo, ideal para que los más chicos aprendan a leer la hora con estilo y autonomía, un paso importante en su crecimiento. - Su tamaño adecuado y el color negro versátil lo hacen un accesorio fácil de combinar y perfecto para el uso diario, adaptable a cualquier actividad infantil sin perder el encanto. Es el regalo perfecto para cumpleaños, fiestas o simplemente para celebrar su día a día con un accesorio que les encantará. Sumá este reloj de pulsera oso panda a tu carrito hoy y llevate un gadget que combina diversión y utilidad.",in stock,new,13000.00 ARS,,https://elgadget.com.ar/producto/reloj-muneca-oso-panda-negro-ninos-diseno-divertido-y-original-r3307-001-ne/,https://res.cloudinary.com/deq2ofluf/image/upload/prod_R3307-001-NE_001,"https://res.cloudinary.com/deq2ofluf/image/upload/prod_R3307-001-NE_002,https://res.cloudinary.com/deq2ofluf/image/upload/prod_R3307-001-NE_003,https://res.cloudinary.com/deq2ofluf/image/upload/prod_R3307-001-NE_004,https://res.cloudinary.com/deq2ofluf/image/upload/prod_R3307-001-NE_005",El Gadget,Electrónica,
R6125,"Maceta Doble Hombrecitos Decorativa, Blanco o Negro, para tu Hogar","Dale un toque de alegría y estilo a tus espacios con esta maceta doble decorativa de hombrecitos. La pieza perfecta para quienes buscan originalidad en la decoración de su hogar u oficina. - Su diseño único con hombrecitos no solo decora, sino que añade un punto de conversación y personalidad a cualquier ambiente, ideal para macetas de plantas pequeñas o suculentas. - Con sus medidas compactas (20cm de alto y 8cm de ancho), se adapta a cualquier rincón: desde tu escritorio hasta estantes, mesas de luz o la cocina, optimizando el espacio con estilo. - Disponible en elegantes tonos blanco o negro, te llevas una pieza que, además de ser una sorpresa encantadora, combina a la perfección con cualquier paleta de colores de tu deco actual. Ideal para regalar a amantes de la decoración o para darte ese gusto que tu casa pide a gritos. Transformá tus espacios con un objeto funcional y lleno de onda. No te quedes sin esta maceta de diseño, ¡sumala hoy a tu carrito y dale vida a tus plantas con un toque divertido!",in stock,new,28500.00 ARS,,https://elgadget.com.ar/producto/maceta-doble-hombrecitos-decorativa-blanco-o-negro-para-tu-hogar-r6125/,https://res.cloudinary.com/deq2ofluf/image/upload/prod_R6125_001,,El Gadget,Home,
R6126,Maceta decorativa Hombrecitos - Diseño único para tu hogar y oficina,"¿Buscás darle un toque divertido y original a tu hogar o espacio de trabajo? La Maceta Decorativa Hombrecitos es el detalle perfecto para alegrar cualquier rincón con personalidad y estilo. Es el accesorio ideal para quienes aman los objetos únicos y quieren sumar onda a su decoración de manera sencilla y efectiva. Añade un encanto particular a tus espacios: ideal para embellecer estanterías, escritorios o mesas de luz con un diseño divertido y moderno. Con su estilo minimalista en blanco o negro, se adapta sin esfuerzo a cualquier decoración, aportando un toque chic y sofisticado (se envían surtidos para que cada uno sea una sorpresa especial). Su tamaño compacto (20cm de alto y 8cm de ancho) es perfecto para suculentas, cactus pequeños o simplemente como una pieza de arte minimalista. Transforma cualquier ambiente simple en uno con carácter, reflejando tu buen gusto por los detalles originales y con onda. Esta maceta es el regalo ideal para amantes de la decoración o para darte ese gusto que tu casa se merece. ¡No esperes más para sumar personalidad a tus ambientes! Hacela tuya hoy.",in stock,new,20000.00 ARS,,https://elgadget.com.ar/producto/maceta-decorativa-hombrecitos-diseno-unico-para-tu-hogar-y-oficina-r6126/,https://res.cloudinary.com/deq2ofluf/image/upload/prod_R6126_001,,El Gadget,Home,
R6127,Maceta Decorativa Moderna para Hogar en Blanco o Negro,"Transformá cualquier rincón de tu casa con nuestra Maceta Decorativa, el toque moderno y minimalista que tu espacio necesita. Ideal para realzar tus plantas favoritas y sumar estilo. - Sumale un toque de diseño nórdico o minimalista a cualquier ambiente, desde el living hasta la oficina. - Su tamaño compacto (12cm de alto, 10cm de ancho) es perfecto para escritorios, estantes o mesas ratonas sin ocupar mucho lugar. - Recibí un diseño clásico en blanco o negro, colores neutros que se adaptan a cualquier paleta decorativa y aportan elegancia. - Dale vida a tus plantas de interior preferidas, creando un ambiente más verde y acogedor con un accesorio funcional y estético. Ya sea para renovar tu propia decoración o para hacer un regalo con estilo, esta maceta decorativa es la elección perfecta. No esperes más para darle ese toque especial a tu hogar: ¡sumala a tu carrito hoy!",in stock,new,20000.00 ARS,,https://elgadget.com.ar/producto/maceta-decorativa-moderna-para-hogar-en-blanco-o-negro-r6127/,https://res.cloudinary.com/deq2ofluf/image/upload/prod_R6127_001,,El Gadget,Home,
RWH0182,Juego de Bloques de Construcción Tostadora 695 Piezas para Niños,"Dale rienda suelta a la creatividad de los más chicos con este juego de bloques para armar una tostadora. Un juguete didáctico que combina diversión y aprendizaje en cada pieza. - Estimula la creatividad: Los niños de 6 años en adelante pueden construir su propia tostadora, potenciando su imaginación y pensamiento lógico. - Aprende jugando: Siguiendo las instrucciones, descubren principios técnicos mientras mejoran su motricidad fina e imaginación espacial. - Diversión sin límites: Con sus 695 piezas, este juego de construcción garantiza largas horas de entretenimiento y concentración. - Tamaño perfecto: Una vez armada, la tostadora de 8x12x11cm es ideal para jugar o exhibir en cualquier rincón. Este set es el regalo ideal para cumpleaños, el Día del Niño o simplemente para sorprender a ese pequeño constructor. No solo van a jugar, sino que van a aprender y crear algo único. ¡Sumalo al carrito y despertá su ingenio hoy mismo!",in stock,new,73500.00 ARS,,https://elgadget.com.ar/producto/juego-de-bloques-de-construccion-tostadora-695-piezas-para-ninos-rwh0182/,https://res.cloudinary.com/deq2ofluf/image/upload/prod_RWH0182_001,"https://res.cloudinary.com/deq2ofluf/image/upload/prod_RWH0182_002,https://res.cloudinary.com/deq2ofluf/image/upload/prod_RWH0182_003,https://res.cloudinary.com/deq2ofluf/image/upload/prod_RWH0182_004,https://res.cloudinary.com/deq2ofluf/image/upload/prod_RWH0182_005",El Gadget,Artículos Infantiles,
RWH0187,Juguete para Armar Rueda de la Fortuna Musical 710 piezas,"Transformá la diversión en una obra de arte con este increíble juego de construcción de la Rueda de la Fortuna que además es una caja musical giratoria. Es mucho más que un juguete: es una experiencia creativa que cautiva. - Desafiá tu ingenio y disfrutá horas de entretenimiento armando cada una de las 710 piezas de este detallado juego de construcción. - Asombrate con el movimiento y la melodía: una vez completo, tu noria girará suavemente al ritmo de una encantadora caja musical. - Creá una pieza decorativa única y de alta calidad con este diseño de noria de ensueño, ideal para embellecer cualquier rincón de tu casa u oficina. - Perfecto para compartir en familia o para ese adulto que busca un hobby relajante y creativo, apto para iniciarse en el mundo de los bloques de construcción. Este juguete de construcción no es solo un pasatiempo; es una experiencia que culmina en una hermosa noria musical. Es el regalo ideal para estimular la creatividad de niños y adultos, o para sumar un toque de encanto a tu espacio. ¡No te quedes sin tu Noria Musical para Armar y empezá a crear hoy mismo!",in stock,new,94000.00 ARS,,https://elgadget.com.ar/producto/juguete-para-armar-rueda-de-la-fortuna-musical-710-piezas-rwh0187/,https://res.cloudinary.com/deq2ofluf/image/upload/prod_RWH0187_001,"https://res.cloudinary.com/deq2ofluf/image/upload/prod_RWH0187_002,https://res.cloudinary.com/deq2ofluf/image/upload/prod_RWH0187_003,https://res.cloudinary.com/deq2ofluf/image/upload/prod_RWH0187_004,https://res.cloudinary.com/deq2ofluf/image/upload/prod_RWH0187_005,https://res.cloudinary.com/deq2ofluf/image/upload/prod_RWH0187_006,https://res.cloudinary.com/deq2ofluf/image/upload/prod_RWH0187_007,https://res.cloudinary.com/deq2ofluf/image/upload/prod_RWH0187_008",El Gadget,Artículos Infantiles,
S6058A,Piluso Gorro Charol Impermeable Premium Mujer Invierno - Estilo Urbano,"Dale un giro trendy a tus outfits de invierno con este piluso de charol importado. No solo te vas a ver increíble, sino que también vas a estar protegida del frío y la lluvia ligera, ideal para los días de otoño e invierno en Argentina. Es el accesorio de moda que estabas buscando para completar tu look. - Sumate a la tendencia urbana con su acabado brillante premium que eleva cualquier outfit. - Mantenete seca y cómoda: su material de charol lo hace impermeable, perfecto para lluvias ligeras o humedad. - Disfrutá de la temporada otoño/invierno con estilo y calidez, un gorro piluso imprescindible en tu armario. - Diseñado para la mujer adulta que busca un accesorio moderno, cómodo y con un toque distintivo. Dejate tentar por este gorro piluso que combina funcionalidad y moda, ideal para darle ese toque canchero a tus días. Es el accesorio que necesitás para realzar tu estilo urbano sin sacrificar confort. ¡Hacelo tuyo hoy y destacate!",in stock,new,29000.00 ARS,,https://elgadget.com.ar/producto/piluso-gorro-charol-impermeable-premium-mujer-invierno-estilo-urbano-s6058a/,https://res.cloudinary.com/deq2ofluf/image/upload/prod_S6058A_001,"https://res.cloudinary.com/deq2ofluf/image/upload/prod_S6058A_002,https://res.cloudinary.com/deq2ofluf/image/upload/prod_S6058A_003",El Gadget,Accesorios de Moda,
S6058B,Gorro Piluso Charol Impermeable Mujer - Estilo Urbano Invierno Premium,"Destacá tu look de invierno con este piluso de charol importado, un accesorio de moda que combina estilo urbano y protección impermeable para los días fríos y húmedos de Argentina. Es la pieza clave para estar cómoda y canchera a la vez, sin importar el clima. Este gorro piluso es ideal para mujeres que buscan sumar un toque de tendencia a su guardarropa. - Dale un toque único y audaz a tu estilo: su acabado brillante de charol premium importado te asegura un look urbano que no pasa desapercibido. - Protegete de la lluvia o humedad inesperada: su material de charol es impermeable, ideal para mantenerte seca sin sacrificar el estilo en otoño/invierno. - Sentite cómoda y a la moda todos los días: este gorro piluso es perfecto para mujeres adultas que buscan un accesorio canchero y funcional para sus atuendos de otoño/invierno. No dejes que el frío o la lluvia te frenen. Sumá este gorro piluso de charol a tus accesorios de moda y marcá tendencia este invierno. ¡Hacelo tuyo y eleva tu estilo hoy!",in stock,new,29000.00 ARS,,https://elgadget.com.ar/producto/gorro-piluso-charol-impermeable-mujer-estilo-urbano-invierno-premium-s6058b/,https://res.cloudinary.com/deq2ofluf/image/upload/prod_S6058B_001,"https://res.cloudinary.com/deq2ofluf/image/upload/prod_S6058B_002,https://res.cloudinary.com/deq2ofluf/image/upload/prod_S6058B_003",El Gadget,Accesorios de Moda,
S6058C,Gorro Piluso Charol Brillante Impermeable Invierno Urbano Mujer,"Transformá tus outfits de invierno con este piluso de charol: estilo urbano, sofisticado e impermeable. Este gorro de moda es el accesorio clave para mujeres que buscan destacar y protegerse del frío y la lluvia con elegancia. Un toque premium que se siente y se ve en tus días. - Su diseño de charol con acabado brillante te da un look moderno y atrevido, ideal para romper la monotonía de tus outfits de invierno.- Olvidate de la lluvia o la humedad: su material impermeable te mantiene protegida sin perder el estilo, ¡perfecto para esos días grises!- Confort y tendencia en uno: este gorro piluso es el accesorio de moda ideal para mujeres que buscan comodidad y un toque urbano chic en su día a día.- Pensado para el Otoño/Invierno, te brinda abrigo y un estilo versátil que combina con todo, desde un jean hasta un look más producido.Es el complemento perfecto para tu guardarropa, sumándole personalidad a tus días de frío y humedad. No esperes más para tener este must-have de la temporada. ¡Hacelo tuyo hoy y lucí un estilo único!",in stock,new,29000.00 ARS,,https://elgadget.com.ar/producto/gorro-piluso-charol-brillante-impermeable-invierno-urbano-mujer-s6058c/,https://res.cloudinary.com/deq2ofluf/image/upload/prod_S6058C_001,"https://res.cloudinary.com/deq2ofluf/image/upload/prod_S6058C_002,https://res.cloudinary.com/deq2ofluf/image/upload/prod_S6058C_003,https://res.cloudinary.com/deq2ofluf/image/upload/prod_S6058C_004",El Gadget,Accesorios de Moda,
S6064,Gorro Beanie Trenzado Clásico - Abrigo y Estilo en Varios Colores,"Combatí el frío con estilo este invierno. El gorro beanie trenzado clásico es el accesorio perfecto para mantenerte abrigado sin sacrificar tu look, combinando funcionalidad y moda para tus días más frescos en Argentina. - Diseño trenzado clásico: Un estilo atemporal que combina con cualquier outfit, sumando un toque de elegancia y textura a tu look invernal. - Máximo confort y abrigo: Ideal para los días más frescos, te protege del frío con un tejido suave y cómodo, perfecto para la rutina o escapadas. - Variedad para tu estilo: Disponible en 5 colores distintos. Cada compra es una sorpresa, ¡descubrí el color que te toca y dale un toque único a tu vestuario! - Precio imperdible: Aprovechá esta oferta especial para sumar un gorro esencial a tu guardarropa o para hacer un regalo práctico y con onda. No dejes que el invierno te frene. Elegí este gorro de lana tejido y preparate para disfrutar de la temporada con comodidad y a la moda. ¡Sumalo a tu carrito hoy y sorprendete con tu nuevo color!",in stock,new,12000.00 ARS,,https://elgadget.com.ar/producto/gorro-beanie-trenzado-clasico-abrigo-y-estilo-en-varios-colores-s6064/,https://res.cloudinary.com/deq2ofluf/image/upload/prod_S6064_001,,El Gadget,OFERTAS,
S6074,Piluso Gorro Mujer Eco Cuero Negro Brillante Invierno Urbano Forrado,"Dale un toque distintivo a tu estilo este otoño-invierno con nuestro piluso de eco cuero negro brillante, diseñado para que destaques y te mantengas cómoda a la vez. Este accesorio de moda es ideal para elevar cualquier look urbano o casual. - Estilo que marca tendencia: Su acabado negro brillante en eco cuero te asegura un look moderno y atrevido, ideal para potenciar tu outfit diario. - Calidez que te envuelve: Con su interior forrado, vas a sentirte abrigada y confortable incluso en los días más fríos de otoño e invierno. - Diseño versátil: El clásico formato piluso (también conocido como bucket hat) es el toque perfecto para un estilo relajado, moderno y siempre a la moda. - Durabilidad y practicidad: Fabricado en eco cuero, es un accesorio resistente y súper fácil de limpiar, pensado para tu ritmo de vida. Convertí este gorro piluso en tu mejor aliado para completar cualquier look y desafiar el frío con onda. No esperes más para sumar este accesorio de moda indispensable a tu guardarropa. ¡Hacelo tuyo hoy y sentite a la moda y abrigada!",in stock,new,29500.00 ARS,,https://elgadget.com.ar/producto/piluso-gorro-mujer-eco-cuero-negro-brillante-invierno-urbano-forrado-s6074/,https://res.cloudinary.com/deq2ofluf/image/upload/prod_S6074_001,"https://res.cloudinary.com/deq2ofluf/image/upload/prod_S6074_002,https://res.cloudinary.com/deq2ofluf/image/upload/prod_S6074_003,https://res.cloudinary.com/deq2ofluf/image/upload/prod_S6074_004,https://res.cloudinary.com/deq2ofluf/image/upload/prod_S6074_005",El Gadget,Accesorios de Moda,
T2606-002C,Poncho Bufanda Roja y Violeta - Abrigo Versátil de Diseño Único,"Este mantón poncho bufanda es tu aliado perfecto para combatir el frío con un toque de moda. Su diseño versátil rojo con líneas violeta te permite reinventar tus looks de invierno al instante, combinando elegancia y calidez como ningún otro accesorio. - Sentí la suavidad: confeccionado con materiales de alta calidad que te garantizan un tacto súper agradable y confort para usarlo todo el día. - Abrigo sin peso: su tejido es abrigado pero ligero, ideal para los días frescos y para llevar cómodamente en cualquier momento. - 3 en 1: usalo como un elegante bufandón, una manta chic sobre los hombros o un práctico poncho, ¡cambiando tu look al instante según la ocasión! - Diseñado para durar: cuenta con un acabado de calidad que asegura resistencia y durabilidad, para que disfrutes de tu prenda temporada tras temporada. Ya sea para realzar tu propio estilo de invierno o como un regalo que seguro sorprende, este accesorio de moda es un infaltable. Agregale un toque de distinción a tus outfits y hacelo tuyo hoy.",in stock,new,34000.00 ARS,,https://elgadget.com.ar/producto/poncho-bufanda-roja-y-violeta-abrigo-versatil-de-diseno-unico-t2606-002c/,https://res.cloudinary.com/deq2ofluf/image/upload/prod_T2606-002C_001,"https://res.cloudinary.com/deq2ofluf/image/upload/prod_T2606-002C_002,https://res.cloudinary.com/deq2ofluf/image/upload/prod_T2606-002C_003,https://res.cloudinary.com/deq2ofluf/image/upload/prod_T2606-002C_004,https://res.cloudinary.com/deq2ofluf/image/upload/prod_T2606-002C_005,https://res.cloudinary.com/deq2ofluf/image/upload/prod_T2606-002C_006,https://res.cloudinary.com/deq2ofluf/image/upload/prod_T2606-002C_007,https://res.cloudinary.com/deq2ofluf/image/upload/prod_T2606-002C_008",El Gadget,Accesorios de Moda,
T2606-002D,Mantón Poncho Bufanda Verde - Abrigo Versátil y Elegante Invierno,"Desafía el frío con estilo este invierno gracias a nuestro Mantón Poncho Bufanda Verde. Este accesorio de moda versátil es tu compañero ideal para mantenerte abrigada y sumar un toque de elegancia a tus outfits diarios.Es la pieza perfecta para cualquier ocasión, funcionando como una chalina canchera, una manta chic sobre los hombros o un poncho cómodo y moderno. Su diseño multiuso te permite adaptar tu look a cada momento, ¡siempre a la moda!- Sentí la suavidad inigualable de un tejido de alta calidad, diseñado para abrigarte sin sumar peso, ideal para el uso diario o esas noches frescas.- Disfrutá de un accesorio con acabado impecable que asegura durabilidad y resistencia, manteniendo su forma y color vibrante por mucho más tiempo.- Con sus generosas medidas de 130x130 cm, es perfecto para envolverte por completo o para lucirlo como un mantón elegante. Ideal para renovar tu estilo o como un regalo que enamora.Este accesorio de moda es más que un abrigo: es una declaración de estilo que te acompaña en cada paso. Sumá versatilidad y sofisticación a tu placard este invierno. ¡Hacelo tuyo hoy y preparate para lucir espectacular!",in stock,new,34000.00 ARS,,https://elgadget.com.ar/producto/manton-poncho-bufanda-verde-abrigo-versatil-y-elegante-invierno-t2606-002d/,https://res.cloudinary.com/deq2ofluf/image/upload/prod_T2606-002D_001,"https://res.cloudinary.com/deq2ofluf/image/upload/prod_T2606-002D_002,https://res.cloudinary.com/deq2ofluf/image/upload/prod_T2606-002D_003,https://res.cloudinary.com/deq2ofluf/image/upload/prod_T2606-002D_004,https://res.cloudinary.com/deq2ofluf/image/upload/prod_T2606-002D_005,https://res.cloudinary.com/deq2ofluf/image/upload/prod_T2606-002D_006,https://res.cloudinary.com/deq2ofluf/image/upload/prod_T2606-002D_007,https://res.cloudinary.com/deq2ofluf/image/upload/prod_T2606-002D_008",El Gadget,Accesorios de Moda,
T2606-003B,Mantón Poncho Bufanda Rojo y Negro para Invierno - Abrigo con Estilo,"Enfrentá el invierno argentino con el estilo y la calidez que te merecés. Este versátil mantón poncho bufanda rojo y negro es el accesorio de moda ideal para mantenerte abrigada y elegante en todo momento. - Llevá la moda a tu manera: usalo como bufanda, manta sobre los hombros o poncho, adaptándolo a cada ocasión y outfit con un solo accesorio. Su tamaño de 130x130 cm te da libertad para crear diferentes looks.- Disfrutá de una suavidad increíble: confeccionado con materiales premium que garantizan un tacto delicado y un abrigo ligero, ideal para tu día a día en climas fríos.- Invertí en durabilidad: su confección de alta calidad asegura que este mantón te acompañe invierno tras invierno, manteniendo su forma y color originales con los cuidados adecuados.- Dale un toque chic a tu look: el diseño en rojo y negro es perfecto para realzar cualquier atuendo y sentirte cómoda sin perder el estilo.Ya sea para un café con amigas, la oficina o una salida especial, este mantón es tu compañero perfecto para el invierno. Un regalo ideal o el mimo que tu armario necesita. ¡Sumalo a tu carrito y preparate para lucir espléndida!",in stock,new,34000.00 ARS,,https://elgadget.com.ar/producto/manton-poncho-bufanda-rojo-y-negro-para-invierno-abrigo-con-estilo-t2606-003b/,https://res.cloudinary.com/deq2ofluf/image/upload/prod_T2606-003B_001,"https://res.cloudinary.com/deq2ofluf/image/upload/prod_T2606-003B_002,https://res.cloudinary.com/deq2ofluf/image/upload/prod_T2606-003B_003,https://res.cloudinary.com/deq2ofluf/image/upload/prod_T2606-003B_004,https://res.cloudinary.com/deq2ofluf/image/upload/prod_T2606-003B_005",El Gadget,Accesorios de Moda,
T6108,"Gorro Beanie Clásico de lana, 7 colores para tu look sorpresa","Descubrí el Beanie Clásico, el accesorio perfecto para tus outfits de invierno. Combina estilo atemporal con la comodidad que necesitás para enfrentar el frío. - Estilo clásico que nunca pasa de moda: un gorro de lana versátil que complementa cualquier look, desde casual hasta urbano, ideal para hombres y mujeres. - Sorprendete con uno de los 7 colores disponibles: recibí un tono único y vibrante, ideal para darle un toque diferente a tu vestimenta cada día, ¡una verdadera sorpresa! - Ideal para todas las estaciones: protege del frío invernal y es un accesorio canchero para los días frescos de media estación, sumando estilo a tu outfit. - Precio de oferta imperdible: conseguí un gorro de calidad a un valor increíble, una verdadera oportunidad en nuestra sección de OFERTAS. No te quedes sin tu gorro de lana para los días más frescos. Perfecto para el uso diario o para regalar, este beanie clásico es la combinación ideal de moda y funcionalidad. Aprovechá esta OFERTA y sumá un toque de color y estilo a tu invierno. ¡Hacelo tuyo hoy!",in stock,new,12000.00 ARS,,https://elgadget.com.ar/producto/gorro-beanie-clasico-de-lana-7-colores-para-tu-look-sorpresa-t6108/,https://res.cloudinary.com/deq2ofluf/image/upload/prod_T6108_001,https://res.cloudinary.com/deq2ofluf/image/upload/prod_T6108_002,El Gadget,OFERTAS,
T6109,Gorro Beanie Clásico de Lana - 6 Colores Surtidos para Invierno,"Prepárate para el frío en Argentina con nuestro Gorro Beanie Clásico, tu aliado perfecto para mantenerte abrigado y con estilo en cualquier ocasión. Un accesorio esencial que combina comodidad y tendencia, ideal para el día a día. - Beanie clásico: Un diseño atemporal que combina con todo, desde un look urbano hasta tu outfit casual favorito. Es un accesorio versátil que nunca pasa de moda. - Amplia variedad de colores (6 colores): Recibí un gorro único en uno de los seis tonos disponibles. Ideal para sorprenderte o regalar un detalle práctico y lleno de onda. Se envían surtidos para garantizar una compra emocionante. - Esencial para el frío: Diseñado para ofrecerte abrigo y confort, este gorro de lana es el complemento indispensable para enfrentar las bajas temperaturas con comodidad. No dejes pasar esta oferta para sumar un gorro básico y funcional a tu vestuario invernal o para hacer un regalo útil. Sumalo a tu carrito hoy y disfrutá del invierno con estilo y calidez.",in stock,new,16500.00 ARS,,https://elgadget.com.ar/producto/gorro-beanie-clasico-de-lana-6-colores-surtidos-para-invierno-t6109/,https://res.cloudinary.com/deq2ofluf/image/upload/prod_T6109_001,,El Gadget,OFERTAS,
WH-RWH0149-CE,"Pelela portátil antiderrame para niños, ideal viajes y paseos","Olvidate de las urgencias fuera de casa con este orinal portátil para niños, diseñado para ofrecerte tranquilidad en cada salida. Su sistema antiderrame asegura viajes y paseos sin preocupaciones, brindando la solución perfecta para cualquier momento. - Fabricado en plástico resistente y duradero, está listo para el uso diario y es muy fácil de limpiar para que siempre esté impecable. - Su diseño pensado para los más chicos, con un atractivo color azul, hace que el momento de usar el orinal sea más divertido y menos estresante. - Con una capacidad de 350 ml, es suficiente para varias veces, brindando mayor autonomía y menos interrupciones en tus salidas y aventuras. - El sistema antiderrame interno permite transportarlo horizontalmente sin derrames, ideal para llevar en el auto, la mochila o el bolso. Este orinal infantil es el aliado perfecto para la autonomía de tu hijo y tu tranquilidad en cada viaje o paseo. No esperes más para sumarlo a tu carrito y prepararte para cualquier aventura.",in stock,new,18000.00 ARS,,https://elgadget.com.ar/producto/pelela-portatil-antiderrame-para-ninos-ideal-viajes-y-paseos-wh-rwh0149-ce/,https://res.cloudinary.com/deq2ofluf/image/upload/prod_WH-RWH0149-CE_001,"https://res.cloudinary.com/deq2ofluf/image/upload/prod_WH-RWH0149-CE_002,https://res.cloudinary.com/deq2ofluf/image/upload/prod_WH-RWH0149-CE_003,https://res.cloudinary.com/deq2ofluf/image/upload/prod_WH-RWH0149-CE_004,https://res.cloudinary.com/deq2ofluf/image/upload/prod_WH-RWH0149-CE_005",El Gadget,Artículos Infantiles,
WH-RWH0149-RO,Orinal Portátil Antiderrame para Niños Viajes y Paseos,"¿Buscas una solución práctica y sin preocupaciones para las urgencias de tu hijo fuera de casa? Este orinal portátil antiderrame es tu aliado perfecto para que los paseos y viajes sean mucho más tranquilos y limpios para los más chicos. Pensado para el uso infantil, es un artículo indispensable para la vida moderna en Argentina. - Olvídate de accidentes: Su innovador sistema antiderrame te permite transportarlo horizontalmente sin preocuparte por derrames, ideal para el auto o la mochila. - Gran capacidad de 350 ml: Suficiente para varias visitas al baño sin tener que vaciarlo de inmediato, ofreciendo mayor autonomía para el niño y tranquilidad para vos. - Plástico resistente y fácil de limpiar: Diseñado para el uso diario, garantiza durabilidad y una higiene rápida, crucial para los artículos infantiles. - Diseño amigable y divertido: Su color azul y forma intuitiva hacen que el proceso de ir al baño sea más sencillo y menos estresante para los más chicos. Ideal para el día a día, viajes en auto, salidas al parque o cualquier situación donde un baño no esté cerca. Dale a tu pequeño la independencia que necesita y a vos la tranquilidad de saber que tiene una opción segura y confiable. ¡Sumalo al carrito y hacé más fáciles las aventuras familiares!",in stock,new,18000.00 ARS,,https://elgadget.com.ar/producto/orinal-portatil-antiderrame-para-ninos-viajes-y-paseos-wh-rwh0149-ro/,https://res.cloudinary.com/deq2ofluf/image/upload/prod_WH-RWH0149-RO_001,"https://res.cloudinary.com/deq2ofluf/image/upload/prod_WH-RWH0149-RO_002,https://res.cloudinary.com/deq2ofluf/image/upload/prod_WH-RWH0149-RO_003,https://res.cloudinary.com/deq2ofluf/image/upload/prod_WH-RWH0149-RO_004,https://res.cloudinary.com/deq2ofluf/image/upload/prod_WH-RWH0149-RO_005,https://res.cloudinary.com/deq2ofluf/image/upload/prod_WH-RWH0149-RO_006,https://res.cloudinary.com/deq2ofluf/image/upload/prod_WH-RWH0149-RO_007,https://res.cloudinary.com/deq2ofluf/image/upload/prod_WH-RWH0149-RO_008,https://res.cloudinary.com/deq2ofluf/image/upload/prod_WH-RWH0149-RO_009,https://res.cloudinary.com/deq2ofluf/image/upload/prod_WH-RWH0149-RO_010",El Gadget,Artículos Infantiles,
WH0060-BL,Botella para Niños Osito Blanco 1000 ML - Hidratación Asegurada,"La Botella Infantil Osito Blanco es el accesorio ideal para que tus hijos lleven sus bebidas a todos lados, combinando diversión y la hidratación que necesitan durante todo el día. Perfecta para el jardín, la escuela o cualquier aventura en Argentina, esta botella es un básico esencial en su bazar y cocina. - Con 1000 ML de capacidad, asegura que los chicos tengan suficiente agua o su bebida favorita para toda la jornada, sin necesidad de recargas constantes. - Su adorable diseño de osito blanco hace que beber sea más divertido, incentivando a los pequeños a mantenerse hidratados con alegría. - Resistente y práctica, es la cantimplora infantil que todo padre busca para el cuidado de sus hijos, combinando funcionalidad con un estilo que les encanta. No dejes pasar la oportunidad de sumar esta práctica botella osito a sus elementos de uso diario. Un gadget indispensable para la hidratación de tus pequeños. ¡Hacela tuya hoy y garantizá que nunca les falte su bebida!",in stock,new,25000.00 ARS,,https://elgadget.com.ar/producto/botella-para-ninos-osito-blanco-1000-ml-hidratacion-asegurada-wh0060-bl/,https://res.cloudinary.com/deq2ofluf/image/upload/prod_WH0060-BL_001,https://res.cloudinary.com/deq2ofluf/image/upload/prod_WH0060-BL_002,El Gadget,Bazar y Cocina,
WH0060-LI,Botella infantil osito lila 1000 ml para la escuela y juegos,"Mantené a los más chicos hidratados con estilo con nuestra botella infantil osito lila de 1000 ml. Es ideal para que lleven agua al colegio, al club o simplemente la usen en casa con alegría. - Gran capacidad de 1 litro: Asegurá que tengan suficiente agua durante toda la jornada, sin necesidad de recargas constantes. - Diseño de osito súper tierno: ¡Les va a encantar! Su forma divertida motiva a los niños a tomar más líquidos de forma natural. - Color lila vibrante: Un toque de alegría y personalidad que hace que cada sorbo sea más divertido y fácil de identificar entre sus cosas. Olvidate de las botellas chiquitas que se vacían en seguida. Esta botella de agua es práctica para el día a día y un regalo genial que fomenta hábitos saludables. ¡Sumala al carrito y asegurale a tu hijo una hidratación constante y divertida!",in stock,new,25000.00 ARS,,https://elgadget.com.ar/producto/botella-infantil-osito-lila-1000-ml-para-la-escuela-y-juegos-wh0060-li/,https://res.cloudinary.com/deq2ofluf/image/upload/prod_WH0060-LI_001,https://res.cloudinary.com/deq2ofluf/image/upload/prod_WH0060-LI_002,El Gadget,Bazar y Cocina,
WH0060-RO,"Botella infantil osito rosa 1000ml para niños, hidratación divertida","Hacé que tus hijos amen hidratarse con esta botella infantil de osito rosa, diseñada para acompañarlos todo el día con diversión y estilo. Es el accesorio perfecto para el colegio o cualquier aventura, asegurando que siempre tengan su agua fresca y a mano. - Diseño de osito encantador: Su figura amigable y color rosa vibrante invita a los chicos a beber agua, transformando la rutina de hidratarse en un juego. Ideal para el bazar y cocina de los más chicos. - Capacidad ideal de 1000 ML: Suficiente agua para que no se queden con sed en el cole, el club o el parque, ¡menos preocupaciones para vos y más energía para ellos! - Perfecta para el día a día: Fácil de llevar en la mochila o para usar en casa, asegurando que tengan su bebida favorita siempre a mano, promoviendo buenos hábitos de hidratación. Esta botella de agua es el regalo ideal para que los más chicos se mantengan hidratados de forma divertida y autónoma. Asegurate de que siempre tengan su agua cerca y sumala hoy mismo al carrito para que empiece la aventura.",in stock,new,25000.00 ARS,,https://elgadget.com.ar/producto/botella-infantil-osito-rosa-1000ml-para-ninos-hidratacion-divertida-wh0060-ro/,https://res.cloudinary.com/deq2ofluf/image/upload/prod_WH0060-RO_001,https://res.cloudinary.com/deq2ofluf/image/upload/prod_WH0060-RO_002,El Gadget,Bazar y Cocina,
WH0063,Botella infantil 700ml divertida con stickers y apliques 3D,"Mantené a tus chicos hidratados y súper divertidos con esta botella infantil de 700ml, ideal para el colegio o cualquier salida. Combina funcionalidad con un toque personal único. - Capacidad ideal de 700ml: tus hijos tendrán suficiente agua para todo el día, sin necesidad de recargar constantemente. - ¡Personalización a full! Viene con stickers y apliques 3D para que cada niño la decore a su gusto, haciendo la hidratación mucho más divertida. - Diseñada pensando en los más pequeños: es liviana y fácil de transportar, perfecta para sus manos y sus mochilas. - Colores vibrantes: disponible en blanco y rosa. Te enviaremos una de estas opciones surtidas para sorprender a tu peque. Ideal para el día a día, esta botella es el gadget perfecto para el bazar y cocina de cualquier familia con chicos, o un regalo original y super útil. Que no se te escape: ¡sumala a tu carrito y asegurá la hidratación más divertida!",in stock,new,32000.00 ARS,,https://elgadget.com.ar/producto/botella-infantil-700ml-divertida-con-stickers-y-apliques-3d-wh0063/,https://res.cloudinary.com/deq2ofluf/image/upload/prod_WH0063_001,"https://res.cloudinary.com/deq2ofluf/image/upload/prod_WH0063_002,https://res.cloudinary.com/deq2ofluf/image/upload/prod_WH0063_003",El Gadget,Bazar y Cocina,
WH0068-BL,"Botella Infantil 500ml Conejito Blanco, ideal para el cole","¡Hacé que la hora de tomar agua sea un juego! La Botella Infantil Conejito Blanco de 500ml es la compañera perfecta para mantener a los más chicos hidratados y felices en todas sus aventuras. Esta cantimplora con diseño adorable es un artículo infantil esencial que combina diversión y practicidad para el día a día de tus hijos. - Capacidad ideal de 500ml: Justo lo que necesitan para el recreo, la plaza o esa salida especial, sin ser pesada para sus manitos y asegurando una hidratación adecuada. - Diseño encantador de conejito blanco: Con su estilo de personajes japoneses, los chicos van a amar llevarla a todos lados y hasta les va a dar ganas de tomar más agua. - Pensada para los más peques: Es el accesorio ideal para su guardería, jardín o escuela, combinando funcionalidad y ese toque divertido que les encanta. No te pierdas esta botella de agua adorable que los va a acompañar a cada paso. Sumá diversión y practicidad al día de tus hijos hoy mismo.",in stock,new,43500.00 ARS,,https://elgadget.com.ar/producto/botella-infantil-500ml-conejito-blanco-ideal-para-el-cole-wh0068-bl/,https://res.cloudinary.com/deq2ofluf/image/upload/prod_WH0068-BL_001,https://res.cloudinary.com/deq2ofluf/image/upload/prod_WH0068-BL_002,El Gadget,Artículos Infantiles,
WH0068-RO,Botella infantil 500ml conejito rosa para la escuela,"La botella infantil conejito rosa de 500ml es el accesorio perfecto para que los más chicos se mantengan hidratados con alegría durante todo el día. Ideal para la escuela, paseos o cualquier aventura, combina funcionalidad y diversión. - Diseñada especialmente para manos pequeñas y el uso diario de los niños, facilitando su manejo. - Capacidad de 500 ML, el tamaño justo para llevar al cole o actividades, asegurando que siempre tengan su bebida favorita a mano. - Su adorable diseño con conejito rosa y personajes japoneses hace que tomar agua sea más divertido y los motiva a usarla con entusiasmo. Fomentá hábitos saludables de una forma súper original y divertida. Esta botella para niños es el regalo ideal, combinando practicidad con un toque único. ¡Que la hora de hidratarse sea su momento favorito, sumala al carrito!",in stock,new,43500.00 ARS,,https://elgadget.com.ar/producto/botella-infantil-500ml-conejito-rosa-para-la-escuela-wh0068-ro/,https://res.cloudinary.com/deq2ofluf/image/upload/prod_WH0068-RO_001,https://res.cloudinary.com/deq2ofluf/image/upload/prod_WH0068-RO_002,El Gadget,Artículos Infantiles,
WH0068-VI,Botella infantil 500ml conejito violeta ideal para el jardín,"La Botella Infantil Conejito Violeta de 500 ML es el compañero perfecto para mantener a los chicos hidratados y contentos. Con su diseño divertido de personajes japoneses, tomar agua será una aventura en cada sorbo para los más pequeños. - Capacidad de 500 ML, el tamaño justo para que no pese y lleven siempre su bebida preferida, ya sea al jardín, la escuela o paseos por Argentina. - Diseño encantador de conejito violeta inspirado en personajes japoneses que fomenta la hidratación de forma lúdica y atractiva para cualquier niño o niña. - Ideal para las manitos de los más pequeños, pensada para su uso diario y fácil de transportar a todos lados sin preocupaciones. Olvidate de que se olviden de tomar agua. Esta botella es el regalo ideal o el accesorio indispensable para su día a día. ¡Sumala al carrito y asegurá la hidratación más divertida!",in stock,new,43500.00 ARS,,https://elgadget.com.ar/producto/botella-infantil-500ml-conejito-violeta-ideal-para-el-jardin-wh0068-vi/,https://res.cloudinary.com/deq2ofluf/image/upload/prod_WH0068-VI_001,https://res.cloudinary.com/deq2ofluf/image/upload/prod_WH0068-VI_002,El Gadget,Artículos Infantiles,
WH0101,"Cepillo a vapor 3 en 1 para mascotas: pelo limpio, sano y sin nudos","Decile chau al pelo suelto y a los nudos! El Cepillo de Vapor 3 en 1 es la herramienta ideal para un cuidado integral de perros y gatos, dejando su pelaje limpio, sano y brillante con cada pasada. - Cuidado integral para tu mascota: este cepillo a vapor 3 en 1 no solo cepilla, sino que también masajea y utiliza vapor para una limpieza profunda, sacando suciedad y el pelo suelto de forma eficaz. - Pelaje más sano y brillante: el vapor ayuda a eliminar bacterias y alérgenos, mejorando la circulación de la piel y dejando el pelo de tu perro o gato impecable y sin enredos. - Máxima comodidad en cada uso: su diseño fácil de usar y batería recargable te permiten sesiones de cepillado sin cables, ideal para cuidar a tu mascota en cualquier rincón de casa. Transformá la rutina de cuidado de tu mascota en un momento de bienestar. Dale el mejor cepillado a vapor, notá cómo su pelaje luce más sano y brillante, y disfrutá de un hogar más limpio. Hacelo tuyo hoy y sorprendete con los resultados.",in stock,new,15000.00 ARS,,https://elgadget.com.ar/producto/cepillo-a-vapor-3-en-1-para-mascotas-pelo-limpio-sano-y-sin-nudos-wh0101/,https://res.cloudinary.com/deq2ofluf/image/upload/prod_WH0101_001,"https://res.cloudinary.com/deq2ofluf/image/upload/prod_WH0101_002,https://res.cloudinary.com/deq2ofluf/image/upload/prod_WH0101_003,https://res.cloudinary.com/deq2ofluf/image/upload/prod_WH0101_004,https://res.cloudinary.com/deq2ofluf/image/upload/prod_WH0101_005,https://res.cloudinary.com/deq2ofluf/image/upload/prod_WH0101_006,https://res.cloudinary.com/deq2ofluf/image/upload/prod_WH0101_007,https://res.cloudinary.com/deq2ofluf/image/upload/prod_WH0101_008,https://res.cloudinary.com/deq2ofluf/image/upload/prod_WH0101_009,https://res.cloudinary.com/deq2ofluf/image/upload/prod_WH0101_010,https://res.cloudinary.com/deq2ofluf/image/upload/prod_WH0101_011,https://res.cloudinary.com/deq2ofluf/image/upload/prod_WH0101_012,https://res.cloudinary.com/deq2ofluf/image/upload/prod_WH0101_013,https://res.cloudinary.com/deq2ofluf/image/upload/prod_WH0101_014,https://res.cloudinary.com/deq2ofluf/image/upload/prod_WH0101_015",El Gadget,Accesorios para Mascotas,
WH0160-1,Set Globos BRIDE TO BE Rosa Gold para Despedida Impactante,"Creá la atmósfera perfecta para la despedida de soltera más esperada con nuestro set de globos BRIDE TO BE. Este kit completo transformará cualquier espacio en el escenario ideal para celebrar a la futura novia con elegancia y diversión.Es la solución ideal para no dejar ningún detalle al azar y asegurar una ambientación que todos recordarán. - Dale el protagonismo a la futura novia con 9 letras ""BRIDE TO BE"" en rosa gold de 40cm, ideal para fotos memorables. - Agregá un toque festivo con 2 globos corazón de 45cm y el espectacular globo anillo de 60cm, íconos de la celebración. - Complementá la decoración con la guirnalda de flecos en rosa gold, rosa y blanco, aportando un detalle chic y armónico. - Completá la ambientación con una variada selección de globos: 6 perlados rosa gold, 6 transparentes con confetti y 14 blancos, para un efecto visual sorprendente. Olvidate de complicaciones. Este set de globos para despedida de soltera te asegura una ambientación de ensueño y memorable. Hacé que ese día sea inolvidable y sumá este kit BRIDE TO BE a tu carrito hoy mismo.",in stock,new,26500.00 ARS,,https://elgadget.com.ar/producto/set-globos-bride-to-be-rosa-gold-para-despedida-impactante-wh0160-1/,https://res.cloudinary.com/deq2ofluf/image/upload/prod_WH0160-1_001,"https://res.cloudinary.com/deq2ofluf/image/upload/prod_WH0160-1_002,https://res.cloudinary.com/deq2ofluf/image/upload/prod_WH0160-1_003,https://res.cloudinary.com/deq2ofluf/image/upload/prod_WH0160-1_004,https://res.cloudinary.com/deq2ofluf/image/upload/prod_WH0160-1_005,https://res.cloudinary.com/deq2ofluf/image/upload/prod_WH0160-1_006,https://res.cloudinary.com/deq2ofluf/image/upload/prod_WH0160-1_007,https://res.cloudinary.com/deq2ofluf/image/upload/prod_WH0160-1_008,https://res.cloudinary.com/deq2ofluf/image/upload/prod_WH0160-1_009,https://res.cloudinary.com/deq2ofluf/image/upload/prod_WH0160-1_010,https://res.cloudinary.com/deq2ofluf/image/upload/prod_WH0160-1_011",El Gadget,OFERTAS,
WH7027,"Botella infantil 550 ml personajes japoneses, hidratación divertida","Dale a tus chicos la botella de agua ideal para el colegio o las salidas: con personajes japoneses que les van a encantar, para que se mantengan hidratados de forma divertida. Es el accesorio perfecto para su día a día, combinando funcionalidad con el estilo que tanto les gusta para llevar a todos lados. - Diseño exclusivo con tus personajes japoneses favoritos, ¡ideal para que la hora de tomar agua sea un momento divertido y con onda! - Capacidad de 550 ML, el tamaño justo para que los chicos tengan agua fresca a mano durante toda la jornada escolar o en sus actividades, sin necesidad de recargar seguido. - Pensada para los más chicos, su formato es fácil de usar y llevar en la mochila, acompañándolos en cada aventura y fomentando buenos hábitos. - Coleccioná los dos modelos disponibles: cada botella es una sorpresa que suma alegría a su día a día. Se envían surtidos para que descubran su favorita. Perfecta para la mochila del colegio, la vianda o el paseo, esta botella de agua es el complemento ideal para el bazar infantil de tu casa. No dejes que se queden sin la suya: elegí la tuya hoy y que la hidratación sea siempre una aventura.",in stock,new,30000.00 ARS,,https://elgadget.com.ar/producto/botella-infantil-550-ml-personajes-japoneses-hidratacion-divertida-wh7027/,https://res.cloudinary.com/deq2ofluf/image/upload/prod_WH7027_001,"https://res.cloudinary.com/deq2ofluf/image/upload/prod_WH7027_002,https://res.cloudinary.com/deq2ofluf/image/upload/prod_WH7027_003,https://res.cloudinary.com/deq2ofluf/image/upload/prod_WH7027_004",El Gadget,Bazar y Cocina,
WH7028,Botella deportiva diseño 1100 ML para hidratarte con estilo,"Mantenete hidratado todo el día con nuestra botella deportiva de diseño, pensada para acompañarte en cada actividad sin perder tu estilo. Ideal para el gimnasio, la oficina o tus salidas al aire libre, esta botella de agua te asegura la hidratación necesaria con un toque moderno y funcional. - Disfrutá de una hidratación constante gracias a su generosa capacidad de 1100 ML, ideal para no recargar tan seguido durante tus jornadas largas. - Sumale un toque único a tu rutina con su diseño moderno y llamativo, perfecto para combinar con tu look deportivo o casual. - Dale un toque de color a tus días: recibí un tono vibrante entre fucsia, amarillo, celeste o rosa que le pondrá toda la onda a tu botella de agua reutilizable. Ya sea para entrenar, trabajar o simplemente mantenerte al día con tu consumo de agua, esta botella deportiva es tu aliada perfecta. ¡No esperes más para tener la tuya y sumarle onda a tu hidratación diaria!",in stock,new,64500.00 ARS,,https://elgadget.com.ar/producto/botella-deportiva-diseno-1100-ml-para-hidratarte-con-estilo-wh7028/,https://res.cloudinary.com/deq2ofluf/image/upload/prod_WH7028_001,"https://res.cloudinary.com/deq2ofluf/image/upload/prod_WH7028_002,https://res.cloudinary.com/deq2ofluf/image/upload/prod_WH7028_003,https://res.cloudinary.com/deq2ofluf/image/upload/prod_WH7028_004,https://res.cloudinary.com/deq2ofluf/image/upload/prod_WH7028_005",El Gadget,Bazar y Cocina,
WH7028-1,Botella Deportiva de Diseño 1500 ML para Hidratación Diaria,"Mantenete hidratado con estilo todo el día gracias a esta botella deportiva de diseño, tu aliada perfecta para llevar agua a donde vayas y cuidar tu bienestar. Es ideal para tu rutina de actividad física o la oficina. - Disfrutá de su generosa capacidad de 1500 ML, ideal para cubrir tus necesidades de hidratación en la oficina, el gimnasio o tus actividades al aire libre sin tener que recargar constantemente. - Llevá un accesorio con estilo: su diseño moderno y atractivo combina funcionalidad con estética, haciéndola perfecta para cualquier ocasión y un infaltable en tu bazar y cocina. - Sorprendete con uno de los vibrantes colores disponibles (beige, rosa, lila, celeste) que se adapta a tu personalidad y le da un toque único a tu jornada. No dejes que la sed te frene ni pierdas tu botella de agua. Esta botella deportiva es el complemento ideal para tu rutina diaria de bienestar. Elegí tu color y sumala a tu carrito hoy mismo para mantenerte siempre fresco y con energía.",in stock,new,49500.00 ARS,,https://elgadget.com.ar/producto/botella-deportiva-de-diseno-1500-ml-para-hidratacion-diaria-wh7028-1/,https://res.cloudinary.com/deq2ofluf/image/upload/prod_WH7028-1_001,"https://res.cloudinary.com/deq2ofluf/image/upload/prod_WH7028-1_002,https://res.cloudinary.com/deq2ofluf/image/upload/prod_WH7028-1_003,https://res.cloudinary.com/deq2ofluf/image/upload/prod_WH7028-1_004,https://res.cloudinary.com/deq2ofluf/image/upload/prod_WH7028-1_005",El Gadget,Bazar y Cocina,
WH7032,Botella Térmica Doble Infantil 760ml para Chicos - Mantiene Temperatura,"Asegurá la hidratación diaria de los más chicos con esta botella térmica doble infantil de 760ml. Perfecta para la escuela, el club o cualquier aventura, mantiene sus bebidas favoritas a la temperatura ideal por más tiempo. - Mantiene las bebidas frías o calientes durante horas gracias a su diseño de doble pared, ideal para los días de calor o las tardes frescas. - Su amplia capacidad de 760ml asegura que los chicos estén hidratados sin necesidad de rellenar constantemente, ¡perfecta para una jornada completa! - Se envía en colores divertidos y atractivos como lila, turquesa o rosa, que encantan a los chicos y le dan un toque de alegría a sus días. Esta botella infantil es el gadget ideal para el día a día, garantizando que tus hijos se mantengan bien hidratados con estilo. ¡No te quedes sin la tuya! Sumala al carrito y asegurale a los más chicos su cantimplora termo favorita para todas sus aventuras.",in stock,new,32000.00 ARS,,https://elgadget.com.ar/producto/botella-termica-doble-infantil-760ml-para-chicos-mantiene-temperatura-wh7032/,https://res.cloudinary.com/deq2ofluf/image/upload/prod_WH7032_001,"https://res.cloudinary.com/deq2ofluf/image/upload/prod_WH7032_002,https://res.cloudinary.com/deq2ofluf/image/upload/prod_WH7032_003,https://res.cloudinary.com/deq2ofluf/image/upload/prod_WH7032_004",El Gadget,Bazar y Cocina,
WH7034,"Botella infantil 480 ML para chicos, ideal escuela y paseo","La botella infantil de 480 ML es la aliada perfecta para que los chicos se mantengan hidratados y llenos de energía durante todo el día. Ideal para llevar al colegio, al jardín o a cualquier actividad, combina funcionalidad con un diseño atractivo pensado para los más pequeños. - Diseño práctico y seguro: su tamaño está especialmente diseñado para las manos de los niños, facilitando que la agarren y usen sin problemas, promoviendo su autonomía. - Capacidad ideal de 480 ML: suficiente para asegurar la hidratación necesaria en sus jornadas de estudio o juego, sin ocupar demasiado espacio ni agregar peso innecesario a sus mochilas. - Colores vibrantes y divertidos: sorprendete con un tono lila, verde, rosa o amarillo que le dará un toque de alegría a sus días, enviado según disponibilidad. Esta cantimplora para niños es un accesorio indispensable en la vida activa de tus hijos, garantizando que siempre tengan su bebida favorita a mano. Es un gadget fundamental en la categoría de bazar y cocina, pensada para la comodidad familiar. ¡Aprovechá la oportunidad de sumar practicidad y diversión a sus rutinas, hacela tuya hoy!",in stock,new,30000.00 ARS,,https://elgadget.com.ar/producto/botella-infantil-480-ml-para-chicos-ideal-escuela-y-paseo-wh7034/,https://res.cloudinary.com/deq2ofluf/image/upload/prod_WH7034_001,"https://res.cloudinary.com/deq2ofluf/image/upload/prod_WH7034_002,https://res.cloudinary.com/deq2ofluf/image/upload/prod_WH7034_003,https://res.cloudinary.com/deq2ofluf/image/upload/prod_WH7034_004,https://res.cloudinary.com/deq2ofluf/image/upload/prod_WH7034_005,https://res.cloudinary.com/deq2ofluf/image/upload/prod_WH7034_006",El Gadget,Bazar y Cocina,
WH7079-1,Jabonera de Personajes Japoneses. Sumale un toque único a tu baño,"¿Buscando darle un toque de originalidad y diversión a tu baño? Nuestra Jabonera de Personajes Japoneses es el accesorio perfecto para romper con lo clásico y llenar tu espacio de alegría. Es más que una simple jabonera, es una pieza decorativa que te va a encantar. - Personalizá tu espacio: Sumale onda y carácter a tu baño o cocina con diseños exclusivos inspirados en los adorables personajes japoneses. - Diseño que sorprende: Cada jabonera es una pequeña obra de arte, ideal para quienes buscan algo distinto y con mucha personalidad en sus accesorios de hogar. - Un toque único en cada envío: Con dos modelos disponibles, la emoción de recibir el tuyo te asegura una sorpresa especial y un objeto que se destacará. - Practicidad con estilo: Mantené tu jabón seco y tu bacha organizada, combinando la funcionalidad esencial con un diseño que invita a sonreír cada día. Perfecta para renovar tu ambiente o para hacer un regalo original que se roba todas las miradas. No te quedes sin esta joyita para tu baño o para esa persona especial. Hacela tuya hoy y disfrutá de un detalle que marca la diferencia.",in stock,new,16000.00 ARS,,https://elgadget.com.ar/producto/jabonera-de-personajes-japoneses-sumale-un-toque-unico-a-tu-bano-wh7079-1/,https://res.cloudinary.com/deq2ofluf/image/upload/prod_WH7079-1_001,"https://res.cloudinary.com/deq2ofluf/image/upload/prod_WH7079-1_002,https://res.cloudinary.com/deq2ofluf/image/upload/prod_WH7079-1_003,https://res.cloudinary.com/deq2ofluf/image/upload/prod_WH7079-1_004,https://res.cloudinary.com/deq2ofluf/image/upload/prod_WH7079-1_005,https://res.cloudinary.com/deq2ofluf/image/upload/prod_WH7079-1_006,https://res.cloudinary.com/deq2ofluf/image/upload/prod_WH7079-1_007,https://res.cloudinary.com/deq2ofluf/image/upload/prod_WH7079-1_008,https://res.cloudinary.com/deq2ofluf/image/upload/prod_WH7079-1_009,https://res.cloudinary.com/deq2ofluf/image/upload/prod_WH7079-1_010",El Gadget,OFERTAS,
WH7109,Peluche brazalete de animalitos surtidos | Diversión para tu muñeca,"Dale un toque divertido y original a tu día con un peluche brazalete de animalitos. Este accesorio único es perfecto para llevar la alegría siempre con vos o para sorprender con un regalo especial. Sumá un amigo suave a tu muñeca: Nuestros peluches brazalete son súper cómodos y tiernos, ideales para acompañarte a todos lados. Diseños irresistibles de animalitos: Cada uno tiene su encanto, desde los más clásicos hasta los más originales. ¡La emoción de la sorpresa! Recibí un modelo surtido y descubrí qué simpático animalito te alegrará el día. Aprovechá la OFERTA: Conseguí este divertido accesorio a un precio increíble, perfecto para un detalle o para darte un gusto. Ideal para chicos y grandes, como un regalito original o para sumar un toque de color a tu outfit. No dejes pasar esta oportunidad de divertirte, ¡sumalo a tu carrito hoy mismo y preparate para la sorpresa!",in stock,new,21000.00 ARS,,https://elgadget.com.ar/producto/peluche-brazalete-de-animalitos-surtidos-diversion-para-tu-muneca-wh7109/,https://res.cloudinary.com/deq2ofluf/image/upload/prod_WH7109_001,"https://res.cloudinary.com/deq2ofluf/image/upload/prod_WH7109_002,https://res.cloudinary.com/deq2ofluf/image/upload/prod_WH7109_003,https://res.cloudinary.com/deq2ofluf/image/upload/prod_WH7109_004",El Gadget,OFERTAS,
WH7127,Rollos de mini stickers surtidos 2 metros para decorar y organizar,"Dale un toque único y divertido a tus cuadernos, agendas o proyectos con estos mini stickers en rollo. Ideal para quienes aman personalizarlo todo con variedad y creatividad, agregando esos pequeños detalles que hacen la diferencia. - Cada rollo te da 2 metros de pura inspiración: tenés stickers de sobra para muchísimas decoraciones, planificaciones y hasta para compartir con amigos o familiares. - Descubrí la sorpresa de los 4 modelos diferentes que llegan surtidos: una explosión de estilos para cada estado de ánimo o temática que quieras expresar en tus creaciones. - Perfectos para tu bullet journal, agenda, cartas, regalos o cualquier superficie que necesite un toque especial, estos pequeños detalles autoadhesivos son súper versátiles. Transformá lo ordinario en extraordinario con estos rollos de calcomanías que te invitan a jugar con tu imaginación sin límites. Son el regalo perfecto para chicos y grandes o tu próximo vicio creativo. No esperes más para sumar esta dosis de diversión y personalización a tu vida. ¡Hacelos tuyos hoy!",in stock,new,9000.00 ARS,,https://elgadget.com.ar/producto/rollos-de-mini-stickers-surtidos-2-metros-para-decorar-y-organizar-wh7127/,https://res.cloudinary.com/deq2ofluf/image/upload/prod_WH7127_001,"https://res.cloudinary.com/deq2ofluf/image/upload/prod_WH7127_002,https://res.cloudinary.com/deq2ofluf/image/upload/prod_WH7127_003,https://res.cloudinary.com/deq2ofluf/image/upload/prod_WH7127_004,https://res.cloudinary.com/deq2ofluf/image/upload/prod_WH7127_005",El Gadget,OFERTAS,
WH7137,Cartuchera infantil mochila bandolera para niños colores surtidos,"¡Olvidate del desorden con la cartuchera infantil que se convierte en una canchera mochila bandolera! Es el accesorio ideal para que los chicos lleven sus útiles escolares, juguetes o sus tesoros más preciados de forma cómoda y con mucho estilo, ya sea a la escuela o de paseo. - Diseño versátil de mochila bandolera: pensada para la comodidad de los más chicos, permite llevarla cruzada o al hombro, dejando sus manos libres para jugar y explorar. - Medidas compactas (22 x 10 cm): el tamaño perfecto para guardar lápices, marcadores, gomas, un librito o sus pequeños muñecos favoritos, sin ocupar mucho espacio. - Colores divertidos: se envía en celeste o rosa (surtidos), añadiendo una linda sorpresa y un toque de alegría. ¡Un accesorio con onda para cada niño! Esta cartuchera es la compañera perfecta para la rutina escolar, una tarde de juegos o el regalo ideal. Aprovechá esta oportunidad en OFERTAS de El Gadget. ¡Hacé tu compra ahora y asegurate un accesorio práctico y super divertido para los más peques!",in stock,new,26000.00 ARS,,https://elgadget.com.ar/producto/cartuchera-infantil-mochila-bandolera-para-ninos-colores-surtidos-wh7137/,https://res.cloudinary.com/deq2ofluf/image/upload/prod_WH7137_001,https://res.cloudinary.com/deq2ofluf/image/upload/prod_WH7137_002,El Gadget,OFERTAS,
WH7137-1,Cartuchera escolar personajes japoneses para niños - Ideal regalo,"Transformá la vuelta al cole o cualquier salida en una aventura con nuestra cartuchera de personajes japoneses. Esta práctica mochila bandolera infantil combina diversión y funcionalidad, ideal para que los chicos lleven sus cosas con estilo. - Su diseño 2 en 1 funciona como cartuchera escolar y mini mochila bandolera, ideal para la escuela, paseos o guardar sus juguetes preferidos. - Con sus cómodas medidas de 22 x 10 cm, es perfecta para guardar lápices, marcadores y pequeños objetos sin abultar. - Los vibrantes personajes japoneses aportan un toque divertido y original, haciendo que organizar los útiles sea mucho más atractivo para los chicos. - Recibí uno de los dos modelos surtidos, una sorpresa exclusiva que añade emoción al descubrir cuál de los diseños coleccionables te tocará. Ideal como regalo original o para el uso diario, esta mochila bandolera cartuchera es el accesorio que tus hijos van a amar. ¡Sumá diversión y practicidad a su día! Hacé tu compra hoy.",in stock,new,29000.00 ARS,,https://elgadget.com.ar/producto/cartuchera-escolar-personajes-japoneses-para-ninos-ideal-regalo-wh7137-1/,https://res.cloudinary.com/deq2ofluf/image/upload/prod_WH7137-1_001,"https://res.cloudinary.com/deq2ofluf/image/upload/prod_WH7137-1_002,https://res.cloudinary.com/deq2ofluf/image/upload/prod_WH7137-1_003",El Gadget,OFERTAS,
WH7155,Medias infantiles de osito divertidas - Talle único universal,¡Sumale diversión y color al día a día de los más chicos con estas medias de osito adorables! Son el complemento ideal para que cada paso esté lleno de alegría y comodidad. - Diseño divertido de osito: ¡Ideales para arrancar el día con una sonrisa! Estas medias le ponen un toque de alegría a cualquier conjunto infantil. - Talle único universal: ¡Pura practicidad! No tenés que preocuparte por elegir el número correcto; se adaptan cómodamente a varios talles de pies de niños. - Colores vibrantes (pack surtido de 4): Recibí una variedad de tonos que sorprenden y combinan perfecto con la ropa de los peques. Cada par es una nueva aventura. Perfectas para el uso diario o para un regalo original y lleno de ternura. No dejes pasar esta oportunidad de sumar un detalle divertido y funcional a su cajón de medias. ¡Agregalas al carrito y llená de color sus pasos hoy mismo!,in stock,new,9000.00 ARS,,https://elgadget.com.ar/producto/medias-infantiles-de-osito-divertidas-talle-unico-universal-wh7155/,https://res.cloudinary.com/deq2ofluf/image/upload/prod_WH7155_001,"https://res.cloudinary.com/deq2ofluf/image/upload/prod_WH7155_002,https://res.cloudinary.com/deq2ofluf/image/upload/prod_WH7155_003,https://res.cloudinary.com/deq2ofluf/image/upload/prod_WH7155_004,https://res.cloudinary.com/deq2ofluf/image/upload/prod_WH7155_005",El Gadget,OFERTAS,
WH7167-1-73BL,Body de Algodón Puro Blanco para Bebés Talle 73 (9 a 12 meses),"Descubrí el body de algodón puro blanco ideal para tu bebé. Confort y suavidad garantizados para su piel delicada, perfecto para el día a día en cualquier estación del año.",in stock,new,52500.00 ARS,,https://elgadget.com.ar/producto/body-de-algodon-puro-blanco-para-bebes-talle-73-9-a-12-meses-wh7167-1-73bl/,https://res.cloudinary.com/deq2ofluf/image/upload/prod_WH7167-1-73BL_001,,El Gadget,Artículos Infantiles,
WH7167-1-73CR,Body bebé algodón puro talle 73 crema - ideal para 9 a 12 meses,"Descubrí la suavidad y el confort ideal para tu bebé con este body de algodón puro. Un básico esencial que garantiza la comodidad de los más chiquitos en todo momento, perfecto para sus aventuras diarias y horas de descanso. Si buscás ropa de bebé de calidad, este body infantil es la elección perfecta. - Confeccionado en algodón puro para cuidar la piel sensible de tu bebé, ofreciendo una suavidad inigualable y transpirabilidad durante todo el día. - Talle 73, diseñado para bebés de 9 a 12 meses, asegurando un calce ideal en esta etapa clave de su crecimiento y desarrollo. - Su delicado color crema es versátil, un clásico que nunca falla y fácil de combinar con cualquier otra prenda de ropa infantil. - Las medidas detalladas (largo total 55 cm, manga 24 cm, pecho 28 cm, cadera 32 cm, cintura 29 cm, muslo 14 cm) te permiten verificar el ajuste perfecto para tu pequeño. Este body para bebé es un infaltable en el guardarropas, ideal para el uso diario o como un regalo práctico y de calidad que demuestra cuánto te importa. ¡Sumalo a tu carrito hoy y dale a tu bebé la comodidad que se merece!",in stock,new,52500.00 ARS,,https://elgadget.com.ar/producto/body-bebe-algodon-puro-talle-73-crema-ideal-para-9-a-12-meses-wh7167-1-73cr/,https://res.cloudinary.com/deq2ofluf/image/upload/prod_WH7167-1-73CR_001,,El Gadget,OFERTAS,
WH7167-1-80BL,Body Infantil Algodón Puro Blanco Talle 80 (12-18 Meses) en Oferta,"Dale a tu bebé la comodidad y suavidad que necesita con este body infantil de algodón puro. Ideal para el uso diario, garantiza el máximo confort para su delicada piel en cada movimiento. - Confeccionado en algodón puro, súper suave y transpirable, cuida la piel sensible de tu bebé evitando irritaciones y ofreciendo una sensación agradable todo el día. - Su clásico color blanco es súper versátil, fácil de combinar con cualquier prenda y siempre luce impecable. - Diseñado para bebés de 12 a 18 meses (Talle 80), asegura un ajuste perfecto para esta etapa de crecimiento activa, permitiendo total libertad de movimiento. - Las medidas detalladas (largo total 64 cm, manga 30 cm, pecho 29 cm, cadera 33 cm, cintura 30 cm, muslo 15 cm) te ayudan a elegir el talle exacto, evitando sorpresas y asegurando el confort. Este enterito de algodón es un básico indispensable en el placard de tu chiquito y una excelente opción como regalo. Aprovechá esta oferta de ropa de bebé y asegurale el máximo bienestar. Sumalo al carrito hoy mismo y que disfrute de la calidad que merece.",in stock,new,52500.00 ARS,,https://elgadget.com.ar/producto/body-infantil-algodon-puro-blanco-talle-80-12-18-meses-en-oferta-wh7167-1-80bl/,https://res.cloudinary.com/deq2ofluf/image/upload/prod_WH7167-1-80BL_001,,El Gadget,OFERTAS,
WH7167-1-80CR,Body Bebé Algodón Crema Talle 80 (12-18 meses) suavidad para su piel,"Prepará a tu bebé para el día a día con este body infantil de algodón puro en color crema, ideal para su piel delicada. Una prenda esencial que combina suavidad y practicidad para los más pequeños, perfecta para la comodidad diaria. Es una pieza fundamental entre los artículos infantiles. - Confeccionado en algodón puro, este body para bebés garantiza máxima suavidad y cuidado para su piel delicada, ideal para su comodidad diaria. - Su color crema neutro es súper combinable, perfecto para crear conjuntos tiernos y prácticos en cualquier momento. - Diseñado para talle 80 (bebés de 12 a 18 meses), ofrece un ajuste ideal para acompañar su crecimiento con libertad de movimiento. - Para que no te queden dudas, incluimos las medidas exactas: largo total 64 cm, manga 30 cm, pecho 29 cm, cadera 33 cm, cintura 30 cm y muslo 15 cm. Este body de algodón es una pieza clave en el guardarropa de cualquier bebé, ofreciendo confort y estilo en el día a día. Asegurate la mejor calidad en ropa para bebés. ¡Sumalo al carrito y hacelo tuyo hoy mismo!",in stock,new,52500.00 ARS,,https://elgadget.com.ar/producto/body-bebe-algodon-crema-talle-80-12-18-meses-suavidad-para-su-piel-wh7167-1-80cr/,https://res.cloudinary.com/deq2ofluf/image/upload/prod_WH7167-1-80CR_001,,El Gadget,Artículos Infantiles,
WH7167-1-90BL,Body Bebé Algodón Blanco Talle 90 (18 a 24 meses) Suave,"Descubrí el Body Bebé de Algodón Blanco, ideal para la piel delicada y el confort diario de tu pequeño. - Confeccionado en puro algodón, este body asegura máxima suavidad y cuidado delicado para la piel de tu bebé, evitando irritaciones. - Su clásico color blanco es ideal para combinar con todo o como base, y siempre luce impecable. - Talle 90 (18 a 24 meses), pensado para un calce perfecto que acompaña el crecimiento de tu bebé. Consultá las medidas específicas para mayor seguridad en tu compra. - Un diseño práctico y funcional, indispensable para el día a día, que facilita los cambios de pañal y mantiene a tu bebé siempre abrigado. Ideal para el uso diario o como un regalo práctico y de calidad, este body infantil es la opción perfecta. Asegurá la comodidad de tu pequeño con esta oferta de ropa para bebés. ¡Sumalo al carrito hoy y que tu bebé disfrute de la suavidad!",in stock,new,52500.00 ARS,,https://elgadget.com.ar/producto/body-bebe-algodon-blanco-talle-90-18-a-24-meses-suave-wh7167-1-90bl/,https://res.cloudinary.com/deq2ofluf/image/upload/prod_WH7167-1-90BL_001,,El Gadget,OFERTAS,
WH7167-1-90CR,Body Bebé Algodón Puro Crema Talle 90 (18 a 24 meses) Suave y Cómodo,"Vestí a tu bebé con la suavidad que se merece. Este body infantil de algodón puro en color crema es ideal para el confort diario de los más chiquitos, garantizando libertad de movimiento y cuidado para su piel delicada. - Confeccionado en algodón puro, este body es súper suave y transpirable, cuidando la piel sensible de tu bebé en cada uso. - Su clásico color crema es versátil y fácil de combinar con cualquier prenda, perfecto para el día a día o una ocasión especial. - Diseñado para bebés de 18 a 24 meses (Talle 90), ofrece un ajuste cómodo que acompaña su crecimiento y sus primeras aventuras. - Consultá las medidas exactas (largo total: 66 cm, largo de manga: 33 cm, pecho: 30 cm, cadera: 36 cm, cintura: 34 cm, muslo: 16 cm) para asegurar el calce perfecto y la máxima comodidad. Sumalo hoy al carrito para vestir a tu bebé con el confort y la calidad que merece en sus primeros años. ¡Una prenda infaltable que te va a encantar!",in stock,new,52500.00 ARS,,https://elgadget.com.ar/producto/body-bebe-algodon-puro-crema-talle-90-18-a-24-meses-suave-y-comodo-wh7167-1-90cr/,https://res.cloudinary.com/deq2ofluf/image/upload/prod_WH7167-1-90CR_001,,El Gadget,OFERTAS,
WH7167-59CR,Body pijama infantil algodón puro crema para bebés 3 a 6 meses,"El confort es clave para tu bebé. Descubrí nuestro body pijama infantil de algodón puro, diseñado para que los más chiquitos estén siempre cómodos y bien abrigados, ideal para dormir o jugar. - Algodón puro para su piel sensible: Fabricado 100% en algodón, garantiza la máxima suavidad y cuidado para la delicada piel de tu bebé, evitando irritaciones y ofreciendo transpirabilidad en todo momento. - Talle 59, pensado para su crecimiento: Ideal para bebés de 3 a 6 meses, este enterito se adapta a la etapa de desarrollo clave, brindando la libertad de movimiento que necesita para explorar y descansar. - Color crema clásico y versátil: Un tono neutro que combina con todo el ajuar de tu bebé, perfecto tanto para nenas como para nenes y fácil de mantener impecable. - Medidas exactas para tu tranquilidad: Con un largo total de 50 cm y ancho de pecho de 26 cm, podés verificar el ajuste perfecto para su comodidad. Este body pijama es una pieza esencial en la ropita de tu bebé, práctico para el día a día y un regalo perfecto. Asegurate la comodidad y suavidad que tu pequeño merece. ¡Sumalo al carrito hoy y que tu bebé disfrute de cada momento!",in stock,new,42500.00 ARS,,https://elgadget.com.ar/producto/body-pijama-infantil-algodon-puro-crema-para-bebes-3-a-6-meses-wh7167-59cr/,https://res.cloudinary.com/deq2ofluf/image/upload/prod_WH7167-59CR_001,,El Gadget,Artículos Infantiles,
WH7167-66CR,Body Pijama Bebé Algodón Puro Crema para 6-12 Meses Suavidad Natural,"Asegurá la comodidad de tu bebé con este body pijama de algodón puro, ideal para sus días y noches de descanso. Pensado para la delicada piel de los más chicos, este enterito infantil es la prenda esencial en su guardarropas y una compra inteligente para padres. Es un básico en ropa de bebé para su bienestar. - Fabricado en algodón puro para una suavidad inigualable, cuidando la piel sensible de tu bebé y garantizando su confort todo el día. - Diseñado para bebés de 6 a 12 meses (talle 66), con medidas pensadas para un calce cómodo que permite total libertad de movimiento en esta etapa crucial. - Su clásico color crema es súper combinable y atemporal, ideal para cualquier ocasión, ya sea para jugar o dormir sin preocuparse por manchas o combinaciones difíciles. - Perfecto como pijama infantil o para el uso diario, este body es la elección ideal para mantener a tu pequeño confortable y abrigado sin sacrificar estilo. No te quedes sin esta prenda básica e indispensable para el bienestar de tu bebé. Sumalo al carrito hoy y brindale el confort y la calidad que se merece.",in stock,new,42500.00 ARS,,https://elgadget.com.ar/producto/body-pijama-bebe-algodon-puro-crema-para-6-12-meses-suavidad-natural-wh7167-66cr/,https://res.cloudinary.com/deq2ofluf/image/upload/prod_WH7167-66CR_001,,El Gadget,Artículos Infantiles,
WH7170CON-66,Body infantil para bebes Conejito 66cm suave y divertido,"Dale a tu bebé la comodidad que se merece con este adorable body infantil de Conejito. Ideal para el día a día, combina ternura y practicidad en una sola prenda, siendo un básico en cualquier ajuar de artículos infantiles. - Diseño de Conejito súper tierno: convierte a tu pequeño en el centro de todas las miradas y capturá momentos inolvidables con esta prenda única para niños. - Pensado para bebes: asegura máxima suavidad y confort para la piel delicada de los más chiquitos, garantizando libertad de movimiento. - Talle 66cm: garantizá el ajuste ideal para que tu bebé se mueva con total libertad y comodidad durante todo el día en esta etapa de crecimiento. - Esencial en artículos infantiles: una prenda práctica y versátil para el guardarropa de tu niño, fácil de combinar y de usar. Este body es perfecto para uso diario o como el regalo ideal para un baby shower o nacimiento. No esperes más para vestir a tu bebé con estilo y confort. ¡Sumalo al carrito y hacelo tuyo hoy!",in stock,new,53000.00 ARS,,https://elgadget.com.ar/producto/body-infantil-para-bebes-conejito-66cm-suave-y-divertido-wh7170con-66/,https://res.cloudinary.com/deq2ofluf/image/upload/prod_WH7170CON-66_001,,El Gadget,Artículos Infantiles,
WH7170OSO-66,Body para bebe Osito 66cm - ideal para la comodidad diaria,"Prepará a tu bebé para los días más tiernos con nuestro body infantil de Osito. Una prenda esencial que combina dulzura y confort para los más pequeños del hogar, perfecta para sumar a su ropa. - Diseño de osito súper tierno: ideal para vestir a tu bebé con un toque de encanto que enamora a todos. - Talle 66cm: pensado para asegurar el ajuste perfecto y la libertad de movimiento que tu pequeño necesita para explorar. - Prenda esencial infantil: un básico infaltable en el guardarropas de todo bebé, práctico y versátil para usar todos los días. - Producto en OFERTAS: aprovechá una oportunidad única para equipar a tu bebé con ropa de calidad y al mejor precio en nuestra sección de indumentaria infantil. Ya sea para uso diario o como el regalo ideal para un baby shower, este body de osito es la elección perfecta. No te pierdas esta oferta en ropa infantil para bebes. Sumalo al carrito y dale a tu bebé la ternura y comodidad que se merece hoy.",in stock,new,53000.00 ARS,,https://elgadget.com.ar/producto/body-para-bebe-osito-66cm-ideal-para-la-comodidad-diaria-wh7170oso-66/,https://res.cloudinary.com/deq2ofluf/image/upload/prod_WH7170OSO-66_001,,El Gadget,OFERTAS,
WH7170OSO-80,Body infantil Osito 80cm – El más tierno en oferta,"Vestí a tu bebé con el body infantil de osito más tierno y cómodo. Ideal para que luzca adorable en cualquier ocasión, un básico indispensable para su ropero. Este enterito es perfecto para agregar un toque de dulzura a la ropa de tu bebé, combinando estilo y practicidad en una sola prenda. - El diseño de osito lo convierte en una prenda irresistible que hará que tu bebé se vea aún más adorable en fotos y el día a día. - Con un talle de 80cm, es ideal para los pequeños que están en pleno crecimiento, garantizando comodidad y un ajuste perfecto para sus movimientos. - Aprovechá esta oportunidad única: encontrá este body para bebés en nuestra sección de OFERTAS, sumando calidad y ternura a un precio especial. Este body de osito es ideal tanto para el uso diario como para sorprender con un regalo encantador y práctico. No te pierdas esta oferta para sumar ternura al guardarropa de tu bebé. Hacelo tuyo hoy y disfrutá de cada momento con tu pequeño luciendo este adorable body.",in stock,new,53000.00 ARS,,https://elgadget.com.ar/producto/body-infantil-osito-80cm-el-mas-tierno-en-oferta-wh7170oso-80/,https://res.cloudinary.com/deq2ofluf/image/upload/prod_WH7170OSO-80_001,,El Gadget,OFERTAS,
WH7170PAN-73,Body infantil de bebé Oso Panda 73cm para la ternura de tu pequeño,"Vestí a tu pequeño con este adorable body infantil de Oso Panda, perfecto para que esté cómodo y luzca super tierno en cualquier momento. Un indispensable en la ropa de bebé para el día a día o una ocasión especial. Este enterito se convertirá en la prenda favorita de tu bebé, combinando estilo y confort. - Diseñado pensando en la delicadeza de la piel de tu bebé, ofreciendo suavidad y libertad de movimiento para sus juegos y descansos. - El estampado de Oso Panda agrega un toque de diversión y ternura, ideal para las fotos y momentos especiales del día. - Disponible en talle 73cm, asegurando el calce perfecto para que tu pequeño esté siempre cómodo y protegido con esta prenda de calidad. - Una excelente oportunidad de nuestra sección de ofertas para vestir a tu bebé con estilo y al mejor precio. Este body es ideal para el uso diario o como un regalo original que seguro encantará a los nuevos papás. No dejes pasar la chance de mimar a tu bebé con esta prenda tan especial y funcional. ¡Sumalo al carrito hoy!",in stock,new,53000.00 ARS,,https://elgadget.com.ar/producto/body-infantil-de-bebe-oso-panda-73cm-para-la-ternura-de-tu-pequeno-wh7170pan-73/,https://res.cloudinary.com/deq2ofluf/image/upload/prod_WH7170PAN-73_001,,El Gadget,OFERTAS,
WH7170PAN-80,Body para bebes oso panda talle 80 cm. Dulce y divertido,"Descubrí el body infantil de oso panda que a tu bebé le va a encantar, ideal para sumar diversión y ternura al guardarropa diario. - Diseño de oso panda: Vistiendo a tu pequeño con este body, le vas a dar un toque adorable y original que todos van a amar. - Comodidad para bebés y niños: Pensado para su libertad de movimiento, es la prenda ideal para jugar, gatear y explorar el mundo. - Talle 80 cm: Encontrá la medida justa para su crecimiento, asegurando que le quede perfecto en esta etapa tan especial. - Precio especial de oferta: Aprovechá esta oportunidad única para conseguir ropa de calidad para tu bebé sin gastar de más. Este body es perfecto para el día a día o como un regalo original y super tierno. No dejes pasar esta oferta y sumalo ya al ropero de tu bebé.",in stock,new,53000.00 ARS,,https://elgadget.com.ar/producto/body-para-bebes-oso-panda-talle-80-cm-dulce-y-divertido-wh7170pan-80/,https://res.cloudinary.com/deq2ofluf/image/upload/prod_WH7170PAN-80_001,,El Gadget,OFERTAS,
WH7182,"Par de medias personajes japoneses talle único, diseño divertido","Dale un toque único y divertido a tus pasos con este par de medias de personajes japoneses. Son ideales para fans del animé y la cultura oriental que buscan originalidad en su día a día y un estilo canchero para cada ocasión. - Disfrutá de la comodidad del talle único universal, pensadas para adaptarse a la mayoría y que no tengas que preocuparte por elegir medidas. - Sumale una dosis de sorpresa a tu placard: cada compra incluye 4 modelos distintos que se envían surtidos, para que descubras un diseño nuevo y colecciones tus favoritos. - Mostrá tu pasión por la cultura japonesa y sus entrañables personajes con diseños que van a hacerte sonreír y destacar entre la multitud. Son perfectas como un regalo original para chicos y no tan chicos, o para sumar ese detalle divertido que siempre buscás en tu indumentaria. No te pierdas la oportunidad de tener tus medias con dibujos únicos. ¡Sumalas ya a tu carrito y dale onda a tu guardarropa!",in stock,new,8500.00 ARS,,https://elgadget.com.ar/producto/par-de-medias-personajes-japoneses-talle-unico-diseno-divertido-wh7182/,https://res.cloudinary.com/deq2ofluf/image/upload/prod_WH7182_001,"https://res.cloudinary.com/deq2ofluf/image/upload/prod_WH7182_002,https://res.cloudinary.com/deq2ofluf/image/upload/prod_WH7182_003,https://res.cloudinary.com/deq2ofluf/image/upload/prod_WH7182_004,https://res.cloudinary.com/deq2ofluf/image/upload/prod_WH7182_005,https://res.cloudinary.com/deq2ofluf/image/upload/prod_WH7182_006,https://res.cloudinary.com/deq2ofluf/image/upload/prod_WH7182_007,https://res.cloudinary.com/deq2ofluf/image/upload/prod_WH7182_008,https://res.cloudinary.com/deq2ofluf/image/upload/prod_WH7182_009",El Gadget,Artículos Infantiles,
WH7194-1,"Botella deportiva 750ml para entrenar, hidratate con estilo","La hidratación es clave para tu rendimiento, por eso esta botella deportiva de 750ml es tu aliada perfecta para el gimnasio, el running o tus actividades diarias. Un esencial en tu bazar y cocina, para tener siempre a mano tu bebida favorita. - Su generosa capacidad de 750ml te asegura la cantidad de agua que necesitás para tus rutinas, evitando recargas constantes. - Confeccionada para la vida activa, su diseño es ideal para llevar a tus entrenamientos o a la oficina con total comodidad. - Agregale un toque de color a tus días. Viene en turquesa, rosa o negro, y se envía un color surtido moderno para vos. No más excusas para la deshidratación. Esta botella de agua reutilizable combina practicidad y estilo, siendo un complemento perfecto para tu rutina. Hacela tuya hoy y mantenete vital en cada momento.",in stock,new,23000.00 ARS,,https://elgadget.com.ar/producto/botella-deportiva-750ml-para-entrenar-hidratate-con-estilo-wh7194-1/,https://res.cloudinary.com/deq2ofluf/image/upload/prod_WH7194-1_001,,El Gadget,Bazar y Cocina,
WH7212-BL,Pack de 5 Medias Blancas con Diseños Divertidos Talle Único,"Dale un toque de alegría y originalidad a tus pies con este pack de 5 medias blancas con diseños divertidos. Ideales para sumar estilo y comodidad a tu día a día, o para ese regalo original que estabas buscando. - Pack de 5 pares iguales: Tené siempre un par fresco y diferente a mano, ideal para toda la semana sin repetir. - Diseños divertidos y únicos: Expresá tu personalidad con un toque de humor, ¡rompé la rutina con cada paso! - Color blanco clásico: Combinan con todo tu guardarropa, sumando un toque de onda sin perder versatilidad. - Talle único universal: No te preocupes por el tamaño, se adaptan perfectamente para brindarte el máximo confort. - Una oferta imperdible: Llevate este combo especial y renová tus cajones con el mejor estilo a un precio increíble. Estas medias son el detalle perfecto para quienes buscan confort, calidad y un guiño divertido en su vestimenta. Ya sea para vos o para sorprender a alguien, aprovechá esta oferta. ¡Sumalas a tu carrito y llená tus días de buena onda!",in stock,new,11500.00 ARS,,https://elgadget.com.ar/producto/pack-de-5-medias-blancas-con-disenos-divertidos-talle-unico-wh7212-bl/,https://res.cloudinary.com/deq2ofluf/image/upload/prod_WH7212-BL_001,"https://res.cloudinary.com/deq2ofluf/image/upload/prod_WH7212-BL_002,https://res.cloudinary.com/deq2ofluf/image/upload/prod_WH7212-BL_003,https://res.cloudinary.com/deq2ofluf/image/upload/prod_WH7212-BL_004",El Gadget,OFERTAS,
WH7212-NE,"Pack x5 medias negras con diseños divertidos, talle único universal","¿Cansado de la monotonía en tus pies? Dale un toque de personalidad a tu día con este pack exclusivo de 5 pares de medias negras, cada una con un diseño divertido y original que te hará sonreír. Son la oferta perfecta para quienes buscan estilo y comodidad sin complicaciones. Olvidate de las medias aburridas y sumá un toque de chispa a tu look. Los gadgets y accesorios más originales están en El Gadget. Pack ideal para renovar tu cajón o para ese regalo especial. - Llevate un pack de 5 pares idénticos, ideales para tener stock de tu diseño divertido favorito o para renovar tus medias de forma práctica y económica. - Animate a sumar un toque de originalidad a tu outfit con sus diseños divertidos sobre un clásico fondo negro, fácil de combinar con todo tu guardarropa. - Olvidate de las dudas con el talle: su formato universal se adapta cómodamente a la mayoría, perfecto para vos o como un regalo sin complicaciones. No dejes pasar esta oferta para darle un giro divertido y cómodo a tu estilo diario. Ya sea para regalar o para vos, estas medias son el toque que tus pies necesitan. ¡Sumalas al carrito y sentí la diferencia!",in stock,new,11500.00 ARS,,https://elgadget.com.ar/producto/pack-x5-medias-negras-con-disenos-divertidos-talle-unico-universal-wh7212-ne/,https://res.cloudinary.com/deq2ofluf/image/upload/prod_WH7212-NE_001,"https://res.cloudinary.com/deq2ofluf/image/upload/prod_WH7212-NE_002,https://res.cloudinary.com/deq2ofluf/image/upload/prod_WH7212-NE_003,https://res.cloudinary.com/deq2ofluf/image/upload/prod_WH7212-NE_004",El Gadget,OFERTAS,
WH7259,Mochila Infantil Capibara Carpincho peluche para jardín,"¿Buscás una mochila que sea tan adorable como práctica para los más chicos? La mochila infantil Capibara Carpincho de peluche es el compañero perfecto para sus primeras aventuras, combinando diversión y funcionalidad. - Su diseño de Capibara Carpincho, inspirado en los adorables personajes japoneses, encanta a los peques y los hace sentir únicos en cada salida. - Fabricada en suave peluche, es ideal para que los niños la abracen y la lleven a todos lados, ofreciendo una textura amigable y cómoda. - Con sus medidas compactas (26x11x29 cm), tiene el tamaño justo para guardar la vianda, un juguete o el cuadernito de jardín sin que les pese, facilitando su autonomía. - Perfecta como mochila de jardín, para llevar a la guardería o a cualquier juego, es un accesorio funcional y sumamente divertido para el día a día.No solo es una mochila práctica para el día a día o el jardín, sino también el regalo ideal para sorprender a ese peque especial. ¡Sumá este adorable amigo Capibara Carpincho al carrito y mirá su sonrisa!",in stock,new,34500.00 ARS,,https://elgadget.com.ar/producto/mochila-infantil-capibara-carpincho-peluche-para-jardin-wh7259/,https://res.cloudinary.com/deq2ofluf/image/upload/prod_WH7259_001,,El Gadget,Artículos Infantiles,
WH7261,"Mochila infantil animalitos personajes japoneses, ideal jardín","Prepará a los más chicos para sus aventuras diarias con esta mochila infantil de animalitos y personajes japoneses. Es el accesorio perfecto para llevar todo lo necesario al jardín o a las salidas, combinando diversión y funcionalidad. - Diseño encantador: con divertidos animalitos y personajes japoneses que harán de cada día una aventura, ideal para que los chicos adoren llevar sus cosas. - Tamaño perfecto para los más chicos: sus medidas de 30 x 12 x 35 cm son ideales para el jardín de infantes o la guardería, ofreciendo espacio justo para meriendas y juguetes sin ser pesada. - Comodidad garantizada: pensada para que puedan transportar sus objetos favoritos con total facilidad y autonomía. Esta mochila es el regalo ideal para sorprender a los peques, asegurando que empiecen el día con una sonrisa. Dale un toque de magia y practicidad a sus jornadas. No esperes más y sumala al carrito para que sus días estén llenos de alegría y estilo.",in stock,new,62000.00 ARS,,https://elgadget.com.ar/producto/mochila-infantil-animalitos-personajes-japoneses-ideal-jardin-wh7261/,https://res.cloudinary.com/deq2ofluf/image/upload/prod_WH7261_001,"https://res.cloudinary.com/deq2ofluf/image/upload/prod_WH7261_002,https://res.cloudinary.com/deq2ofluf/image/upload/prod_WH7261_003,https://res.cloudinary.com/deq2ofluf/image/upload/prod_WH7261_004",El Gadget,Artículos Infantiles,
WH7265,Botella infantil 760ml personajes japoneses kawaii para niños,"La botella de agua perfecta para que los más chicos se mantengan hidratados con estilo. Esta botella infantil con diseños de personajes japoneses hará que beber agua sea pura diversión y una experiencia única en su día a día.Ideal para el colegio, excursiones o simplemente tener en casa. Un accesorio infaltable de bazar y cocina para los peques. - Diseños exclusivos de personajes japoneses que encantarán a los niños, haciendo que lleven su bebida con alegría y muestren su estilo favorito a todos sus amigos. - Gran capacidad de 760 ml, ideal para que tengan agua o jugo suficiente durante toda la jornada escolar, paseos o actividades, sin necesidad de recargas constantes. - Sorprendete con uno de los dos colores disponibles que se envían surtidos, ¡cada botella es una pequeña aventura por descubrir y personalizar su momento de hidratación! Perfecta para el colegio, la colonia de vacaciones o cualquier aventura al aire libre. Fomentá hábitos saludables de una forma divertida y original. ¡Sumala ya al carrito y dale a tu pequeño su botella favorita hoy mismo!",in stock,new,42500.00 ARS,,https://elgadget.com.ar/producto/botella-infantil-760ml-personajes-japoneses-kawaii-para-ninos-wh7265/,https://res.cloudinary.com/deq2ofluf/image/upload/prod_WH7265_001,"https://res.cloudinary.com/deq2ofluf/image/upload/prod_WH7265_002,https://res.cloudinary.com/deq2ofluf/image/upload/prod_WH7265_003",El Gadget,Bazar y Cocina,
WH7268,Bandolerita infantil personajes japoneses original 22 cm divertida,"La bandolerita infantil ideal para que los más chicos lleven sus cosas con onda. Con un diseño exclusivo de personajes japoneses, este accesorio es la mezcla perfecta de diversión y practicidad. Es un morral infantil que va a encantarles para sus aventuras diarias. - Diseñada para niños: su tamaño compacto es ideal para que puedan llevarla cómodamente y tener sus manos libres mientras juegan o pasean. - Estilo original: sus personajes japoneses aportan un toque divertido y único, haciendo que cada salida sea una aventura para los pequeños y un accesorio que los distingue. - Medida perfecta: con aproximadamente 22 cm, tiene el espacio justo para guardar sus juguetes pequeños, golosinas o algún secreto valioso sin ser un estorbo. Este morral infantil es el regalo perfecto para cualquier ocasión, combinando funcionalidad y ese toque de magia que tanto les gusta. Dale a tus hijos un accesorio original para sus aventuras diarias. ¡Sumala hoy a tu carrito y que disfruten de su nueva bandolera!",in stock,new,15000.00 ARS,,https://elgadget.com.ar/producto/bandolerita-infantil-personajes-japoneses-original-22-cm-divertida-wh7268/,https://res.cloudinary.com/deq2ofluf/image/upload/prod_WH7268_001,,El Gadget,Artículos Infantiles,
WH7272-1,"Botella de agua infantil personajes japoneses 760ml, diversión","¡Hacé que tus hijos amen tomar agua con esta botella infantil de personajes japoneses! Es el accesorio perfecto para asegurar que se mantengan hidratados todo el día, ya sea en el colegio, las excursiones o jugando en casa. Este gadget indispensable de Bazar y Cocina es el aliado ideal para la merienda o cualquier actividad. - Diseño exclusivo con personajes japoneses: El atractivo visual es clave para que los más chicos adopten el hábito saludable de tomar agua con alegría. - Capacidad ideal de 760 ML: Suficiente agua para toda la jornada escolar o cualquier actividad, sin necesidad de recargarla constantemente y asegurando una hidratación completa. - Práctica para el uso diario: Pensada para acompañarlos en el colegio, el club o sus juegos, es fácil de transportar y usar por manos pequeñas. - Fomenta la autonomía: Una botella de agua propia y con su diseño favorito les da independencia y responsabilidad sobre su hidratación. Esta botella es un infaltable en el equipo de cualquier chico activo y una excelente opción de regalo. Dale a tus hijos la mejor opción para su hidratación diaria y sumala hoy mismo a tu carrito. ¡No esperes más para que empiecen a disfrutarla!",in stock,new,57500.00 ARS,,https://elgadget.com.ar/producto/botella-de-agua-infantil-personajes-japoneses-760ml-diversion-wh7272-1/,https://res.cloudinary.com/deq2ofluf/image/upload/prod_WH7272-1_001,,El Gadget,Bazar y Cocina,
WH7275,Pack Stickers Personajes Japoneses 2 - 96 hojas para coleccionar,"Sumate a la fiebre de los personajes japoneses con esta increíble caja de stickers. Es ideal para darle un toque único y divertido a tus objetos favoritos, agendas, cuadernos o lo que quieras personalizar con estilo. - ¡Variedad infinita! Cada caja trae 96 hojas repletas de stickers para que tengas material de sobra para decorar, compartir o coleccionar sin límites. - Diseños adorables y a la moda con tus personajes japoneses favoritos. Son perfectos para los amantes del estilo kawaii y la cultura oriental. - Su formato compacto de 16,5 x 16,5 x 2 cm hace que sea fácil de transportar y guardar, ¡llevá la diversión a donde vayas! - La emoción de la sorpresa: recibís una de las 4 variantes exclusivas, haciendo de cada apertura una experiencia única y coleccionable para tu pack de stickers. Ideal para hacer un regalo original a un fanático del anime o simplemente para consentirte y darle un upgrade a tus pertenencias. No te quedes sin tu pack de stickers de personajes japoneses y hacelo tuyo hoy.",in stock,new,10500.00 ARS,,https://elgadget.com.ar/producto/pack-stickers-personajes-japoneses-2-96-hojas-para-coleccionar-wh7275/,https://res.cloudinary.com/deq2ofluf/image/upload/prod_WH7275_001,,El Gadget,OFERTAS,
WH7276,Caja de stickers personajes japoneses 96 hojas surtidas,"Descubrí la magia de Japón en cada rincón con nuestra caja de stickers de personajes japoneses. Perfecta para dar un toque único y divertido a tus objetos y expresar tu estilo. - Vas a tener 96 hojas llenas de stickers para que la creatividad nunca pare: personalizá tus objetos, decorá tus cuadernos o armá tus propios collages. - Sumergite en el mundo kawaii con diseños exclusivos de personajes japoneses que le darán un toque original y divertido a todo lo que quieras decorar. - Cada caja es una sorpresa: con 4 variantes distintas que se envían surtidas, tenés garantizada una colección variada para intercambiar o descubrir nuevos favoritos. - Su formato compacto de 16,5 x 16,5 x 2 cm la hace fácil de guardar o llevar con vos, manteniendo todos tus stickers organizados y listos para usar. Ya sea para vos o para hacer un regalo original que sorprenda, estos stickers son ideales para cualquier fan de la cultura pop japonesa o para quienes buscan un accesorio divertido. Sumá esta explosión de creatividad a tu vida y transformá tus objetos con un estilo único. ¡No esperes más para tener tu caja de stickers coleccionables!",in stock,new,10500.00 ARS,,https://elgadget.com.ar/producto/caja-de-stickers-personajes-japoneses-96-hojas-surtidas-wh7276/,https://res.cloudinary.com/deq2ofluf/image/upload/prod_WH7276_001,https://res.cloudinary.com/deq2ofluf/image/upload/prod_WH7276_002,El Gadget,OFERTAS,
WH7280,Botella térmica de acero 1000 ml siliconada: tus bebidas siempre en su punto,"Necesitas mantener tus bebidas favoritas frías o calientes por más tiempo? Esta botella térmica de acero de 1 litro es tu aliada perfecta para hidratarte o disfrutar de un buen mate en cualquier momento y lugar. - Mantiene la temperatura ideal de tus bebidas por horas, perfecta para disfrutar de agua fresca o un rico café en cualquier momento. - Con 1 litro de capacidad, tendrás hidratación de sobra para toda tu jornada de trabajo, estudio o entrenamiento sin recargar. - Fabricada en acero, garantiza máxima durabilidad y resistencia al uso diario, además de una limpieza sencilla e higiénica. - Su diseño siliconado proporciona un agarre cómodo y seguro, protegiéndola de golpes y rayones en tu día a día. - Recibí un color moderno y versátil (negro, blanco o gris) que se adapta a tu estilo y te acompaña a donde vayas. No importa si vas a la oficina, al gym o simplemente disfrutas de un paseo, esta botella térmica de 1 litro es la compañera ideal para tu bienestar en el hogar o al aire libre. Sumala hoy a tu carrito y mantené tus bebidas siempre a la temperatura perfecta.",in stock,new,55000.00 ARS,,https://elgadget.com.ar/producto/botella-termica-de-acero-1000-ml-siliconada-tus-bebidas-siempre-en-su-wh7280/,https://res.cloudinary.com/deq2ofluf/image/upload/prod_WH7280_001,"https://res.cloudinary.com/deq2ofluf/image/upload/prod_WH7280_002,https://res.cloudinary.com/deq2ofluf/image/upload/prod_WH7280_003,https://res.cloudinary.com/deq2ofluf/image/upload/prod_WH7280_004",El Gadget,Bazar y Cocina,
